citation_id	file	line	section	command	key	grouped_keys	context	priority	source_artifacts	bib_title	bib_year	status	reviewer	finding	action
CIT-0001	sections/introduction.tex	11	Introduction	citep	simmonsFalsePositivePsychologyUndisclosed2011	simmonsFalsePositivePsychologyUndisclosed2011,johnMeasuringPrevalenceQuestionable2012,kerr1998harking,gelmanLoken2013,wicherts2016degrees	Published empirical results are usually organized around a central specification, with robustness checks reported as supporting evidence. Readers rarely see the full set of analyses that could have produced them, or those that were run and set aside. Reported estimates and the hidden analysis behind them open room for p-hacking, questionable research practices, researcher degrees of freedom, HARKing, and the garden of forking paths, discussed in varied methodological literatures [CITE:simmonsFalsePositivePsychologyUndisclosed2011,johnMeasuringPrevalenceQuestionable2012,kerr1998harking,gelmanLoken2013,wicherts2016degrees]. Field-level diagnostics, such as aggregations across studies, p-value distributions, and specification-search measures, document evidence of selective reporting and p-hacking [CITE:franco2014publication,head2015extent,brodeur2016star,brodeur2020methods,vivalt2019specification,jerke2025publication]. Related econometric work develops identification, correction, and testing methods for publication bias and p-hacking [CITE:andrews2019identification,elliott2022detecting].	high	sources/simmonsFalsePositivePsychologyUndisclosed2011/paper.pdf	False-Positive Psychology: Undisclosed Flexibility in Data Collection and Analysis Allows Presenting Anything as Significant	2011	supported	completed six-batch subagent audit	Reviewed against the local source artifact; post-integration prose supports this citation.	none
CIT-0002	sections/introduction.tex	11	Introduction	citep	johnMeasuringPrevalenceQuestionable2012	simmonsFalsePositivePsychologyUndisclosed2011,johnMeasuringPrevalenceQuestionable2012,kerr1998harking,gelmanLoken2013,wicherts2016degrees	Published empirical results are usually organized around a central specification, with robustness checks reported as supporting evidence. Readers rarely see the full set of analyses that could have produced them, or those that were run and set aside. Reported estimates and the hidden analysis behind them open room for p-hacking, questionable research practices, researcher degrees of freedom, HARKing, and the garden of forking paths, discussed in varied methodological literatures [CITE:simmonsFalsePositivePsychologyUndisclosed2011,johnMeasuringPrevalenceQuestionable2012,kerr1998harking,gelmanLoken2013,wicherts2016degrees]. Field-level diagnostics, such as aggregations across studies, p-value distributions, and specification-search measures, document evidence of selective reporting and p-hacking [CITE:franco2014publication,head2015extent,brodeur2016star,brodeur2020methods,vivalt2019specification,jerke2025publication]. Related econometric work develops identification, correction, and testing methods for publication bias and p-hacking [CITE:andrews2019identification,elliott2022detecting].	high	sources/johnMeasuringPrevalenceQuestionable2012/paper.pdf	Measuring the Prevalence of Questionable Research Practices With Incentives for Truth Telling	2012	supported	completed six-batch subagent audit	Reviewed against the local source artifact; post-integration prose supports this citation.	none
CIT-0003	sections/introduction.tex	11	Introduction	citep	kerr1998harking	simmonsFalsePositivePsychologyUndisclosed2011,johnMeasuringPrevalenceQuestionable2012,kerr1998harking,gelmanLoken2013,wicherts2016degrees	Published empirical results are usually organized around a central specification, with robustness checks reported as supporting evidence. Readers rarely see the full set of analyses that could have produced them, or those that were run and set aside. Reported estimates and the hidden analysis behind them open room for p-hacking, questionable research practices, researcher degrees of freedom, HARKing, and the garden of forking paths, discussed in varied methodological literatures [CITE:simmonsFalsePositivePsychologyUndisclosed2011,johnMeasuringPrevalenceQuestionable2012,kerr1998harking,gelmanLoken2013,wicherts2016degrees]. Field-level diagnostics, such as aggregations across studies, p-value distributions, and specification-search measures, document evidence of selective reporting and p-hacking [CITE:franco2014publication,head2015extent,brodeur2016star,brodeur2020methods,vivalt2019specification,jerke2025publication]. Related econometric work develops identification, correction, and testing methods for publication bias and p-hacking [CITE:andrews2019identification,elliott2022detecting].	high	sources/kerr1998harking/paper.pdf	HARKing: Hypothesizing After the Results Are Known	1998	supported	completed six-batch subagent audit	Reviewed against the local source artifact; post-integration prose supports this citation.	none
CIT-0004	sections/introduction.tex	11	Introduction	citep	gelmanLoken2013	simmonsFalsePositivePsychologyUndisclosed2011,johnMeasuringPrevalenceQuestionable2012,kerr1998harking,gelmanLoken2013,wicherts2016degrees	Published empirical results are usually organized around a central specification, with robustness checks reported as supporting evidence. Readers rarely see the full set of analyses that could have produced them, or those that were run and set aside. Reported estimates and the hidden analysis behind them open room for p-hacking, questionable research practices, researcher degrees of freedom, HARKing, and the garden of forking paths, discussed in varied methodological literatures [CITE:simmonsFalsePositivePsychologyUndisclosed2011,johnMeasuringPrevalenceQuestionable2012,kerr1998harking,gelmanLoken2013,wicherts2016degrees]. Field-level diagnostics, such as aggregations across studies, p-value distributions, and specification-search measures, document evidence of selective reporting and p-hacking [CITE:franco2014publication,head2015extent,brodeur2016star,brodeur2020methods,vivalt2019specification,jerke2025publication]. Related econometric work develops identification, correction, and testing methods for publication bias and p-hacking [CITE:andrews2019identification,elliott2022detecting].	high	sources/gelmanLoken2013/paper.pdf	"The Garden of Forking Paths: Why Multiple Comparisons Can Be a Problem, Even When There Is No ""Fishing Expedition"" or ""P-Hacking"" and the Research Hypothesis Was Posited Ahead of Time"	2013	supported	completed six-batch subagent audit	Reviewed against the local source artifact; post-integration prose supports this citation.	none
CIT-0005	sections/introduction.tex	11	Introduction	citep	wicherts2016degrees	simmonsFalsePositivePsychologyUndisclosed2011,johnMeasuringPrevalenceQuestionable2012,kerr1998harking,gelmanLoken2013,wicherts2016degrees	Published empirical results are usually organized around a central specification, with robustness checks reported as supporting evidence. Readers rarely see the full set of analyses that could have produced them, or those that were run and set aside. Reported estimates and the hidden analysis behind them open room for p-hacking, questionable research practices, researcher degrees of freedom, HARKing, and the garden of forking paths, discussed in varied methodological literatures [CITE:simmonsFalsePositivePsychologyUndisclosed2011,johnMeasuringPrevalenceQuestionable2012,kerr1998harking,gelmanLoken2013,wicherts2016degrees]. Field-level diagnostics, such as aggregations across studies, p-value distributions, and specification-search measures, document evidence of selective reporting and p-hacking [CITE:franco2014publication,head2015extent,brodeur2016star,brodeur2020methods,vivalt2019specification,jerke2025publication]. Related econometric work develops identification, correction, and testing methods for publication bias and p-hacking [CITE:andrews2019identification,elliott2022detecting].	high	sources/wicherts2016degrees/paper.pdf	Degrees of Freedom in Planning, Running, Analyzing, and Reporting Psychological Studies: A Checklist to Avoid P-Hacking	2016	supported	completed six-batch subagent audit	Reviewed against the local source artifact; post-integration prose supports this citation.	none
CIT-0006	sections/introduction.tex	15	Introduction	citep	franco2014publication	franco2014publication,head2015extent,brodeur2016star,brodeur2020methods,vivalt2019specification,jerke2025publication	Published empirical results are usually organized around a central specification, with robustness checks reported as supporting evidence. Readers rarely see the full set of analyses that could have produced them, or those that were run and set aside. Reported estimates and the hidden analysis behind them open room for p-hacking, questionable research practices, researcher degrees of freedom, HARKing, and the garden of forking paths, discussed in varied methodological literatures [CITE:simmonsFalsePositivePsychologyUndisclosed2011,johnMeasuringPrevalenceQuestionable2012,kerr1998harking,gelmanLoken2013,wicherts2016degrees]. Field-level diagnostics, such as aggregations across studies, p-value distributions, and specification-search measures, document evidence of selective reporting and p-hacking [CITE:franco2014publication,head2015extent,brodeur2016star,brodeur2020methods,vivalt2019specification,jerke2025publication]. Related econometric work develops identification, correction, and testing methods for publication bias and p-hacking [CITE:andrews2019identification,elliott2022detecting].	high	sources/franco2014publication/paper.pdf	Publication Bias in the Social Sciences: Unlocking the File Drawer	2014	supported	completed six-batch subagent audit	Reviewed against the local source artifact; post-integration prose supports this citation.	none
CIT-0007	sections/introduction.tex	15	Introduction	citep	head2015extent	franco2014publication,head2015extent,brodeur2016star,brodeur2020methods,vivalt2019specification,jerke2025publication	Published empirical results are usually organized around a central specification, with robustness checks reported as supporting evidence. Readers rarely see the full set of analyses that could have produced them, or those that were run and set aside. Reported estimates and the hidden analysis behind them open room for p-hacking, questionable research practices, researcher degrees of freedom, HARKing, and the garden of forking paths, discussed in varied methodological literatures [CITE:simmonsFalsePositivePsychologyUndisclosed2011,johnMeasuringPrevalenceQuestionable2012,kerr1998harking,gelmanLoken2013,wicherts2016degrees]. Field-level diagnostics, such as aggregations across studies, p-value distributions, and specification-search measures, document evidence of selective reporting and p-hacking [CITE:franco2014publication,head2015extent,brodeur2016star,brodeur2020methods,vivalt2019specification,jerke2025publication]. Related econometric work develops identification, correction, and testing methods for publication bias and p-hacking [CITE:andrews2019identification,elliott2022detecting].	high	sources/head2015extent/paper.pdf	The Extent and Consequences of P-Hacking in Science	2015	supported	completed six-batch subagent audit	Reviewed against the local source artifact; post-integration prose supports this citation.	none
CIT-0008	sections/introduction.tex	15	Introduction	citep	brodeur2016star	franco2014publication,head2015extent,brodeur2016star,brodeur2020methods,vivalt2019specification,jerke2025publication	Published empirical results are usually organized around a central specification, with robustness checks reported as supporting evidence. Readers rarely see the full set of analyses that could have produced them, or those that were run and set aside. Reported estimates and the hidden analysis behind them open room for p-hacking, questionable research practices, researcher degrees of freedom, HARKing, and the garden of forking paths, discussed in varied methodological literatures [CITE:simmonsFalsePositivePsychologyUndisclosed2011,johnMeasuringPrevalenceQuestionable2012,kerr1998harking,gelmanLoken2013,wicherts2016degrees]. Field-level diagnostics, such as aggregations across studies, p-value distributions, and specification-search measures, document evidence of selective reporting and p-hacking [CITE:franco2014publication,head2015extent,brodeur2016star,brodeur2020methods,vivalt2019specification,jerke2025publication]. Related econometric work develops identification, correction, and testing methods for publication bias and p-hacking [CITE:andrews2019identification,elliott2022detecting].	high	sources/brodeur2016star/paper.pdf	Star Wars: The Empirics Strike Back	2016	supported	completed six-batch subagent audit	Reviewed against the local source artifact; post-integration prose supports this citation.	none
CIT-0009	sections/introduction.tex	15	Introduction	citep	brodeur2020methods	franco2014publication,head2015extent,brodeur2016star,brodeur2020methods,vivalt2019specification,jerke2025publication	Published empirical results are usually organized around a central specification, with robustness checks reported as supporting evidence. Readers rarely see the full set of analyses that could have produced them, or those that were run and set aside. Reported estimates and the hidden analysis behind them open room for p-hacking, questionable research practices, researcher degrees of freedom, HARKing, and the garden of forking paths, discussed in varied methodological literatures [CITE:simmonsFalsePositivePsychologyUndisclosed2011,johnMeasuringPrevalenceQuestionable2012,kerr1998harking,gelmanLoken2013,wicherts2016degrees]. Field-level diagnostics, such as aggregations across studies, p-value distributions, and specification-search measures, document evidence of selective reporting and p-hacking [CITE:franco2014publication,head2015extent,brodeur2016star,brodeur2020methods,vivalt2019specification,jerke2025publication]. Related econometric work develops identification, correction, and testing methods for publication bias and p-hacking [CITE:andrews2019identification,elliott2022detecting].	high	sources/brodeur2020methods/paper.pdf	Methods Matter: P-Hacking and Publication Bias in Causal Analysis in Economics	2020	supported	completed six-batch subagent audit	Reviewed against the local source artifact; post-integration prose supports this citation.	none
CIT-0010	sections/introduction.tex	15	Introduction	citep	vivalt2019specification	franco2014publication,head2015extent,brodeur2016star,brodeur2020methods,vivalt2019specification,jerke2025publication	Published empirical results are usually organized around a central specification, with robustness checks reported as supporting evidence. Readers rarely see the full set of analyses that could have produced them, or those that were run and set aside. Reported estimates and the hidden analysis behind them open room for p-hacking, questionable research practices, researcher degrees of freedom, HARKing, and the garden of forking paths, discussed in varied methodological literatures [CITE:simmonsFalsePositivePsychologyUndisclosed2011,johnMeasuringPrevalenceQuestionable2012,kerr1998harking,gelmanLoken2013,wicherts2016degrees]. Field-level diagnostics, such as aggregations across studies, p-value distributions, and specification-search measures, document evidence of selective reporting and p-hacking [CITE:franco2014publication,head2015extent,brodeur2016star,brodeur2020methods,vivalt2019specification,jerke2025publication]. Related econometric work develops identification, correction, and testing methods for publication bias and p-hacking [CITE:andrews2019identification,elliott2022detecting].	high	sources/vivalt2019specification/paper.pdf	Specification Searching and Significance Inflation Across Time, Methods and Disciplines	2019	supported	completed six-batch subagent audit	Reviewed against the local source artifact; post-integration prose supports this citation.	none
CIT-0011	sections/introduction.tex	15	Introduction	citep	jerke2025publication	franco2014publication,head2015extent,brodeur2016star,brodeur2020methods,vivalt2019specification,jerke2025publication	Published empirical results are usually organized around a central specification, with robustness checks reported as supporting evidence. Readers rarely see the full set of analyses that could have produced them, or those that were run and set aside. Reported estimates and the hidden analysis behind them open room for p-hacking, questionable research practices, researcher degrees of freedom, HARKing, and the garden of forking paths, discussed in varied methodological literatures [CITE:simmonsFalsePositivePsychologyUndisclosed2011,johnMeasuringPrevalenceQuestionable2012,kerr1998harking,gelmanLoken2013,wicherts2016degrees]. Field-level diagnostics, such as aggregations across studies, p-value distributions, and specification-search measures, document evidence of selective reporting and p-hacking [CITE:franco2014publication,head2015extent,brodeur2016star,brodeur2020methods,vivalt2019specification,jerke2025publication]. Related econometric work develops identification, correction, and testing methods for publication bias and p-hacking [CITE:andrews2019identification,elliott2022detecting].	high	sources/jerke2025publication/paper.pdf	Publication Bias in the Social Sciences since 1959: Application of a Regression Discontinuity Framework	2025	supported	completed six-batch subagent audit	Reviewed against the local source artifact; post-integration prose supports this citation.	none
CIT-0012	sections/introduction.tex	18	Introduction	citep	andrews2019identification	andrews2019identification,elliott2022detecting	Published empirical results are usually organized around a central specification, with robustness checks reported as supporting evidence. Readers rarely see the full set of analyses that could have produced them, or those that were run and set aside. Reported estimates and the hidden analysis behind them open room for p-hacking, questionable research practices, researcher degrees of freedom, HARKing, and the garden of forking paths, discussed in varied methodological literatures [CITE:simmonsFalsePositivePsychologyUndisclosed2011,johnMeasuringPrevalenceQuestionable2012,kerr1998harking,gelmanLoken2013,wicherts2016degrees]. Field-level diagnostics, such as aggregations across studies, p-value distributions, and specification-search measures, document evidence of selective reporting and p-hacking [CITE:franco2014publication,head2015extent,brodeur2016star,brodeur2020methods,vivalt2019specification,jerke2025publication]. Related econometric work develops identification, correction, and testing methods for publication bias and p-hacking [CITE:andrews2019identification,elliott2022detecting].	high	sources/andrews2019identification/arxiv-1711.10527-source.tar.gz; sources/andrews2019identification/paper.pdf	Identification of and Correction for Publication Bias	2019	supported	completed six-batch subagent audit	Reviewed against the local source artifact; post-integration prose supports this citation.	none
CIT-0013	sections/introduction.tex	18	Introduction	citep	elliott2022detecting	andrews2019identification,elliott2022detecting	Published empirical results are usually organized around a central specification, with robustness checks reported as supporting evidence. Readers rarely see the full set of analyses that could have produced them, or those that were run and set aside. Reported estimates and the hidden analysis behind them open room for p-hacking, questionable research practices, researcher degrees of freedom, HARKing, and the garden of forking paths, discussed in varied methodological literatures [CITE:simmonsFalsePositivePsychologyUndisclosed2011,johnMeasuringPrevalenceQuestionable2012,kerr1998harking,gelmanLoken2013,wicherts2016degrees]. Field-level diagnostics, such as aggregations across studies, p-value distributions, and specification-search measures, document evidence of selective reporting and p-hacking [CITE:franco2014publication,head2015extent,brodeur2016star,brodeur2020methods,vivalt2019specification,jerke2025publication]. Related econometric work develops identification, correction, and testing methods for publication bias and p-hacking [CITE:andrews2019identification,elliott2022detecting].	high	sources/elliott2022detecting/elliott2022detecting__arxiv_1906.06711_source.tar.gz	Detecting $p$-Hacking	2022	supported	completed six-batch subagent audit	Reviewed against the local source artifact; post-integration prose supports this citation.	none
CIT-0014	sections/literature_review.tex	12	Researcher Degrees of Freedom and Specification Surfaces	citep	simmonsFalsePositivePsychologyUndisclosed2011	simmonsFalsePositivePsychologyUndisclosed2011,johnMeasuringPrevalenceQuestionable2012,wicherts2016degrees	Empirical work often foregrounds a preferred specification, with robustness checks reported as supporting evidence. The inferential difficulty is that the preferred specification is often itself the product of choices made after examining the data. Choices of outcomes, samples, transformations, exclusions, controls, stopping rules, and reporting rules can then make nominal tests behave differently from their advertised level [CITE:simmonsFalsePositivePsychologyUndisclosed2011,johnMeasuringPrevalenceQuestionable2012,wicherts2016degrees]. The literatures on HARKing and the garden of forking paths emphasize that this need not look like an explicit search: a single reported analysis can be data-contingent because the route to it was shaped by the realized data [CITE:kerr1998harking,gelmanLoken2013,gelman2014crisis].	normal	sources/simmonsFalsePositivePsychologyUndisclosed2011/paper.pdf	False-Positive Psychology: Undisclosed Flexibility in Data Collection and Analysis Allows Presenting Anything as Significant	2011	supported	completed six-batch subagent audit	Reviewed against the local source artifact; post-integration prose supports this citation.	none
CIT-0015	sections/literature_review.tex	12	Researcher Degrees of Freedom and Specification Surfaces	citep	johnMeasuringPrevalenceQuestionable2012	simmonsFalsePositivePsychologyUndisclosed2011,johnMeasuringPrevalenceQuestionable2012,wicherts2016degrees	Empirical work often foregrounds a preferred specification, with robustness checks reported as supporting evidence. The inferential difficulty is that the preferred specification is often itself the product of choices made after examining the data. Choices of outcomes, samples, transformations, exclusions, controls, stopping rules, and reporting rules can then make nominal tests behave differently from their advertised level [CITE:simmonsFalsePositivePsychologyUndisclosed2011,johnMeasuringPrevalenceQuestionable2012,wicherts2016degrees]. The literatures on HARKing and the garden of forking paths emphasize that this need not look like an explicit search: a single reported analysis can be data-contingent because the route to it was shaped by the realized data [CITE:kerr1998harking,gelmanLoken2013,gelman2014crisis].	normal	sources/johnMeasuringPrevalenceQuestionable2012/paper.pdf	Measuring the Prevalence of Questionable Research Practices With Incentives for Truth Telling	2012	supported	completed six-batch subagent audit	Reviewed against the local source artifact; post-integration prose supports this citation.	none
CIT-0016	sections/literature_review.tex	12	Researcher Degrees of Freedom and Specification Surfaces	citep	wicherts2016degrees	simmonsFalsePositivePsychologyUndisclosed2011,johnMeasuringPrevalenceQuestionable2012,wicherts2016degrees	Empirical work often foregrounds a preferred specification, with robustness checks reported as supporting evidence. The inferential difficulty is that the preferred specification is often itself the product of choices made after examining the data. Choices of outcomes, samples, transformations, exclusions, controls, stopping rules, and reporting rules can then make nominal tests behave differently from their advertised level [CITE:simmonsFalsePositivePsychologyUndisclosed2011,johnMeasuringPrevalenceQuestionable2012,wicherts2016degrees]. The literatures on HARKing and the garden of forking paths emphasize that this need not look like an explicit search: a single reported analysis can be data-contingent because the route to it was shaped by the realized data [CITE:kerr1998harking,gelmanLoken2013,gelman2014crisis].	normal	sources/wicherts2016degrees/paper.pdf	Degrees of Freedom in Planning, Running, Analyzing, and Reporting Psychological Studies: A Checklist to Avoid P-Hacking	2016	supported	completed six-batch subagent audit	Reviewed against the local source artifact; post-integration prose supports this citation.	none
CIT-0017	sections/literature_review.tex	16	Researcher Degrees of Freedom and Specification Surfaces	citep	kerr1998harking	kerr1998harking,gelmanLoken2013,gelman2014crisis	Empirical work often foregrounds a preferred specification, with robustness checks reported as supporting evidence. The inferential difficulty is that the preferred specification is often itself the product of choices made after examining the data. Choices of outcomes, samples, transformations, exclusions, controls, stopping rules, and reporting rules can then make nominal tests behave differently from their advertised level [CITE:simmonsFalsePositivePsychologyUndisclosed2011,johnMeasuringPrevalenceQuestionable2012,wicherts2016degrees]. The literatures on HARKing and the garden of forking paths emphasize that this need not look like an explicit search: a single reported analysis can be data-contingent because the route to it was shaped by the realized data [CITE:kerr1998harking,gelmanLoken2013,gelman2014crisis].	normal	sources/kerr1998harking/paper.pdf	HARKing: Hypothesizing After the Results Are Known	1998	supported	completed six-batch subagent audit	Reviewed against the local source artifact; post-integration prose supports this citation.	none
CIT-0018	sections/literature_review.tex	16	Researcher Degrees of Freedom and Specification Surfaces	citep	gelmanLoken2013	kerr1998harking,gelmanLoken2013,gelman2014crisis	Empirical work often foregrounds a preferred specification, with robustness checks reported as supporting evidence. The inferential difficulty is that the preferred specification is often itself the product of choices made after examining the data. Choices of outcomes, samples, transformations, exclusions, controls, stopping rules, and reporting rules can then make nominal tests behave differently from their advertised level [CITE:simmonsFalsePositivePsychologyUndisclosed2011,johnMeasuringPrevalenceQuestionable2012,wicherts2016degrees]. The literatures on HARKing and the garden of forking paths emphasize that this need not look like an explicit search: a single reported analysis can be data-contingent because the route to it was shaped by the realized data [CITE:kerr1998harking,gelmanLoken2013,gelman2014crisis].	normal	sources/gelmanLoken2013/paper.pdf	"The Garden of Forking Paths: Why Multiple Comparisons Can Be a Problem, Even When There Is No ""Fishing Expedition"" or ""P-Hacking"" and the Research Hypothesis Was Posited Ahead of Time"	2013	supported	completed six-batch subagent audit	Reviewed against the local source artifact; post-integration prose supports this citation.	none
CIT-0019	sections/literature_review.tex	16	Researcher Degrees of Freedom and Specification Surfaces	citep	gelman2014crisis	kerr1998harking,gelmanLoken2013,gelman2014crisis	Empirical work often foregrounds a preferred specification, with robustness checks reported as supporting evidence. The inferential difficulty is that the preferred specification is often itself the product of choices made after examining the data. Choices of outcomes, samples, transformations, exclusions, controls, stopping rules, and reporting rules can then make nominal tests behave differently from their advertised level [CITE:simmonsFalsePositivePsychologyUndisclosed2011,johnMeasuringPrevalenceQuestionable2012,wicherts2016degrees]. The literatures on HARKing and the garden of forking paths emphasize that this need not look like an explicit search: a single reported analysis can be data-contingent because the route to it was shaped by the realized data [CITE:kerr1998harking,gelmanLoken2013,gelman2014crisis].	normal	sources/gelman2014crisis/paper.pdf	The Statistical Crisis in Science	2014	supported	completed six-batch subagent audit	Reviewed against the local source artifact; post-integration prose supports this citation.	none
CIT-0020	sections/literature_review.tex	29	Researcher Degrees of Freedom and Specification Surfaces	citep	rosenthal1979file	rosenthal1979file,franco2014publication,brodeur2016star,head2015extent,brunsIoannidis2016pcurve,brodeur2020methods,vivalt2019specification,jerke2025publication	Several literatures study related manifestations of this problem. Publication bias, file-drawer effects, bunching or discontinuities in reported test statistics, and p-curve diagnostics study selection across studies or reported results [CITE:rosenthal1979file,franco2014publication,brodeur2016star,head2015extent,brunsIoannidis2016pcurve,brodeur2020methods,vivalt2019specification,jerke2025publication]; recent econometric work develops corresponding diagnostics and corrections [CITE:andrews2019identification,elliott2022detecting]. Model-uncertainty and specification-search work shows that conclusions can vary sharply across reasonable models [CITE:leamer1983con,salaimartin1997twoMillion,young2009modelUncertainty,youngModelUncertaintyRobustness2017]. Recent computational work on coefficient stability is closer still: [CITE:knaeble2024branch] search for maximum and minimum adjusted slope coefficients over a large discrete model space using branch-and-bound methods. That line treats the finite optimization problem directly; our goal is to characterize the geometry and limiting size of the envelope. Specification-curve, multiverse, and many-analysts designs make this variation visible by replacing a single preferred model with a structured collection of defensible alternatives [CITE:steegenIncreasingTransparencyMultiverse2016,simonsohnSpecificationCurveDescriptive2019,silberzahn2018many,breznau2022hidden,rohrer2026multiverse]. Our question is more local. Conditional on one dataset and one specification surface, how large can the reported coefficient or $t$-statistic become?	normal	sources/rosenthal1979file/paper.pdf	The File Drawer Problem and Tolerance for Null Results	1979	supported	completed six-batch subagent audit	Reviewed against the local source artifact; post-integration prose supports this citation.	none
CIT-0021	sections/literature_review.tex	29	Researcher Degrees of Freedom and Specification Surfaces	citep	franco2014publication	rosenthal1979file,franco2014publication,brodeur2016star,head2015extent,brunsIoannidis2016pcurve,brodeur2020methods,vivalt2019specification,jerke2025publication	Several literatures study related manifestations of this problem. Publication bias, file-drawer effects, bunching or discontinuities in reported test statistics, and p-curve diagnostics study selection across studies or reported results [CITE:rosenthal1979file,franco2014publication,brodeur2016star,head2015extent,brunsIoannidis2016pcurve,brodeur2020methods,vivalt2019specification,jerke2025publication]; recent econometric work develops corresponding diagnostics and corrections [CITE:andrews2019identification,elliott2022detecting]. Model-uncertainty and specification-search work shows that conclusions can vary sharply across reasonable models [CITE:leamer1983con,salaimartin1997twoMillion,young2009modelUncertainty,youngModelUncertaintyRobustness2017]. Recent computational work on coefficient stability is closer still: [CITE:knaeble2024branch] search for maximum and minimum adjusted slope coefficients over a large discrete model space using branch-and-bound methods. That line treats the finite optimization problem directly; our goal is to characterize the geometry and limiting size of the envelope. Specification-curve, multiverse, and many-analysts designs make this variation visible by replacing a single preferred model with a structured collection of defensible alternatives [CITE:steegenIncreasingTransparencyMultiverse2016,simonsohnSpecificationCurveDescriptive2019,silberzahn2018many,breznau2022hidden,rohrer2026multiverse]. Our question is more local. Conditional on one dataset and one specification surface, how large can the reported coefficient or $t$-statistic become?	normal	sources/franco2014publication/paper.pdf	Publication Bias in the Social Sciences: Unlocking the File Drawer	2014	supported	completed six-batch subagent audit	Reviewed against the local source artifact; post-integration prose supports this citation.	none
CIT-0022	sections/literature_review.tex	29	Researcher Degrees of Freedom and Specification Surfaces	citep	brodeur2016star	rosenthal1979file,franco2014publication,brodeur2016star,head2015extent,brunsIoannidis2016pcurve,brodeur2020methods,vivalt2019specification,jerke2025publication	Several literatures study related manifestations of this problem. Publication bias, file-drawer effects, bunching or discontinuities in reported test statistics, and p-curve diagnostics study selection across studies or reported results [CITE:rosenthal1979file,franco2014publication,brodeur2016star,head2015extent,brunsIoannidis2016pcurve,brodeur2020methods,vivalt2019specification,jerke2025publication]; recent econometric work develops corresponding diagnostics and corrections [CITE:andrews2019identification,elliott2022detecting]. Model-uncertainty and specification-search work shows that conclusions can vary sharply across reasonable models [CITE:leamer1983con,salaimartin1997twoMillion,young2009modelUncertainty,youngModelUncertaintyRobustness2017]. Recent computational work on coefficient stability is closer still: [CITE:knaeble2024branch] search for maximum and minimum adjusted slope coefficients over a large discrete model space using branch-and-bound methods. That line treats the finite optimization problem directly; our goal is to characterize the geometry and limiting size of the envelope. Specification-curve, multiverse, and many-analysts designs make this variation visible by replacing a single preferred model with a structured collection of defensible alternatives [CITE:steegenIncreasingTransparencyMultiverse2016,simonsohnSpecificationCurveDescriptive2019,silberzahn2018many,breznau2022hidden,rohrer2026multiverse]. Our question is more local. Conditional on one dataset and one specification surface, how large can the reported coefficient or $t$-statistic become?	normal	sources/brodeur2016star/paper.pdf	Star Wars: The Empirics Strike Back	2016	supported	completed six-batch subagent audit	Reviewed against the local source artifact; post-integration prose supports this citation.	none
CIT-0023	sections/literature_review.tex	29	Researcher Degrees of Freedom and Specification Surfaces	citep	head2015extent	rosenthal1979file,franco2014publication,brodeur2016star,head2015extent,brunsIoannidis2016pcurve,brodeur2020methods,vivalt2019specification,jerke2025publication	Several literatures study related manifestations of this problem. Publication bias, file-drawer effects, bunching or discontinuities in reported test statistics, and p-curve diagnostics study selection across studies or reported results [CITE:rosenthal1979file,franco2014publication,brodeur2016star,head2015extent,brunsIoannidis2016pcurve,brodeur2020methods,vivalt2019specification,jerke2025publication]; recent econometric work develops corresponding diagnostics and corrections [CITE:andrews2019identification,elliott2022detecting]. Model-uncertainty and specification-search work shows that conclusions can vary sharply across reasonable models [CITE:leamer1983con,salaimartin1997twoMillion,young2009modelUncertainty,youngModelUncertaintyRobustness2017]. Recent computational work on coefficient stability is closer still: [CITE:knaeble2024branch] search for maximum and minimum adjusted slope coefficients over a large discrete model space using branch-and-bound methods. That line treats the finite optimization problem directly; our goal is to characterize the geometry and limiting size of the envelope. Specification-curve, multiverse, and many-analysts designs make this variation visible by replacing a single preferred model with a structured collection of defensible alternatives [CITE:steegenIncreasingTransparencyMultiverse2016,simonsohnSpecificationCurveDescriptive2019,silberzahn2018many,breznau2022hidden,rohrer2026multiverse]. Our question is more local. Conditional on one dataset and one specification surface, how large can the reported coefficient or $t$-statistic become?	normal	sources/head2015extent/paper.pdf	The Extent and Consequences of P-Hacking in Science	2015	supported	completed six-batch subagent audit	Reviewed against the local source artifact; post-integration prose supports this citation.	none
CIT-0024	sections/literature_review.tex	29	Researcher Degrees of Freedom and Specification Surfaces	citep	brunsIoannidis2016pcurve	rosenthal1979file,franco2014publication,brodeur2016star,head2015extent,brunsIoannidis2016pcurve,brodeur2020methods,vivalt2019specification,jerke2025publication	Several literatures study related manifestations of this problem. Publication bias, file-drawer effects, bunching or discontinuities in reported test statistics, and p-curve diagnostics study selection across studies or reported results [CITE:rosenthal1979file,franco2014publication,brodeur2016star,head2015extent,brunsIoannidis2016pcurve,brodeur2020methods,vivalt2019specification,jerke2025publication]; recent econometric work develops corresponding diagnostics and corrections [CITE:andrews2019identification,elliott2022detecting]. Model-uncertainty and specification-search work shows that conclusions can vary sharply across reasonable models [CITE:leamer1983con,salaimartin1997twoMillion,young2009modelUncertainty,youngModelUncertaintyRobustness2017]. Recent computational work on coefficient stability is closer still: [CITE:knaeble2024branch] search for maximum and minimum adjusted slope coefficients over a large discrete model space using branch-and-bound methods. That line treats the finite optimization problem directly; our goal is to characterize the geometry and limiting size of the envelope. Specification-curve, multiverse, and many-analysts designs make this variation visible by replacing a single preferred model with a structured collection of defensible alternatives [CITE:steegenIncreasingTransparencyMultiverse2016,simonsohnSpecificationCurveDescriptive2019,silberzahn2018many,breznau2022hidden,rohrer2026multiverse]. Our question is more local. Conditional on one dataset and one specification surface, how large can the reported coefficient or $t$-statistic become?	normal	sources/brunsIoannidis2016pcurve/paper.pdf	P-Curve and P-Hacking in Observational Research	2016	supported	completed six-batch subagent audit	Reviewed against the local source artifact; post-integration prose supports this citation.	none
CIT-0025	sections/literature_review.tex	29	Researcher Degrees of Freedom and Specification Surfaces	citep	brodeur2020methods	rosenthal1979file,franco2014publication,brodeur2016star,head2015extent,brunsIoannidis2016pcurve,brodeur2020methods,vivalt2019specification,jerke2025publication	Several literatures study related manifestations of this problem. Publication bias, file-drawer effects, bunching or discontinuities in reported test statistics, and p-curve diagnostics study selection across studies or reported results [CITE:rosenthal1979file,franco2014publication,brodeur2016star,head2015extent,brunsIoannidis2016pcurve,brodeur2020methods,vivalt2019specification,jerke2025publication]; recent econometric work develops corresponding diagnostics and corrections [CITE:andrews2019identification,elliott2022detecting]. Model-uncertainty and specification-search work shows that conclusions can vary sharply across reasonable models [CITE:leamer1983con,salaimartin1997twoMillion,young2009modelUncertainty,youngModelUncertaintyRobustness2017]. Recent computational work on coefficient stability is closer still: [CITE:knaeble2024branch] search for maximum and minimum adjusted slope coefficients over a large discrete model space using branch-and-bound methods. That line treats the finite optimization problem directly; our goal is to characterize the geometry and limiting size of the envelope. Specification-curve, multiverse, and many-analysts designs make this variation visible by replacing a single preferred model with a structured collection of defensible alternatives [CITE:steegenIncreasingTransparencyMultiverse2016,simonsohnSpecificationCurveDescriptive2019,silberzahn2018many,breznau2022hidden,rohrer2026multiverse]. Our question is more local. Conditional on one dataset and one specification surface, how large can the reported coefficient or $t$-statistic become?	normal	sources/brodeur2020methods/paper.pdf	Methods Matter: P-Hacking and Publication Bias in Causal Analysis in Economics	2020	supported	completed six-batch subagent audit	Reviewed against the local source artifact; post-integration prose supports this citation.	none
CIT-0026	sections/literature_review.tex	29	Researcher Degrees of Freedom and Specification Surfaces	citep	vivalt2019specification	rosenthal1979file,franco2014publication,brodeur2016star,head2015extent,brunsIoannidis2016pcurve,brodeur2020methods,vivalt2019specification,jerke2025publication	Several literatures study related manifestations of this problem. Publication bias, file-drawer effects, bunching or discontinuities in reported test statistics, and p-curve diagnostics study selection across studies or reported results [CITE:rosenthal1979file,franco2014publication,brodeur2016star,head2015extent,brunsIoannidis2016pcurve,brodeur2020methods,vivalt2019specification,jerke2025publication]; recent econometric work develops corresponding diagnostics and corrections [CITE:andrews2019identification,elliott2022detecting]. Model-uncertainty and specification-search work shows that conclusions can vary sharply across reasonable models [CITE:leamer1983con,salaimartin1997twoMillion,young2009modelUncertainty,youngModelUncertaintyRobustness2017]. Recent computational work on coefficient stability is closer still: [CITE:knaeble2024branch] search for maximum and minimum adjusted slope coefficients over a large discrete model space using branch-and-bound methods. That line treats the finite optimization problem directly; our goal is to characterize the geometry and limiting size of the envelope. Specification-curve, multiverse, and many-analysts designs make this variation visible by replacing a single preferred model with a structured collection of defensible alternatives [CITE:steegenIncreasingTransparencyMultiverse2016,simonsohnSpecificationCurveDescriptive2019,silberzahn2018many,breznau2022hidden,rohrer2026multiverse]. Our question is more local. Conditional on one dataset and one specification surface, how large can the reported coefficient or $t$-statistic become?	normal	sources/vivalt2019specification/paper.pdf	Specification Searching and Significance Inflation Across Time, Methods and Disciplines	2019	supported	completed six-batch subagent audit	Reviewed against the local source artifact; post-integration prose supports this citation.	none
CIT-0027	sections/literature_review.tex	29	Researcher Degrees of Freedom and Specification Surfaces	citep	jerke2025publication	rosenthal1979file,franco2014publication,brodeur2016star,head2015extent,brunsIoannidis2016pcurve,brodeur2020methods,vivalt2019specification,jerke2025publication	Several literatures study related manifestations of this problem. Publication bias, file-drawer effects, bunching or discontinuities in reported test statistics, and p-curve diagnostics study selection across studies or reported results [CITE:rosenthal1979file,franco2014publication,brodeur2016star,head2015extent,brunsIoannidis2016pcurve,brodeur2020methods,vivalt2019specification,jerke2025publication]; recent econometric work develops corresponding diagnostics and corrections [CITE:andrews2019identification,elliott2022detecting]. Model-uncertainty and specification-search work shows that conclusions can vary sharply across reasonable models [CITE:leamer1983con,salaimartin1997twoMillion,young2009modelUncertainty,youngModelUncertaintyRobustness2017]. Recent computational work on coefficient stability is closer still: [CITE:knaeble2024branch] search for maximum and minimum adjusted slope coefficients over a large discrete model space using branch-and-bound methods. That line treats the finite optimization problem directly; our goal is to characterize the geometry and limiting size of the envelope. Specification-curve, multiverse, and many-analysts designs make this variation visible by replacing a single preferred model with a structured collection of defensible alternatives [CITE:steegenIncreasingTransparencyMultiverse2016,simonsohnSpecificationCurveDescriptive2019,silberzahn2018many,breznau2022hidden,rohrer2026multiverse]. Our question is more local. Conditional on one dataset and one specification surface, how large can the reported coefficient or $t$-statistic become?	normal	sources/jerke2025publication/paper.pdf	Publication Bias in the Social Sciences since 1959: Application of a Regression Discontinuity Framework	2025	supported	completed six-batch subagent audit	Reviewed against the local source artifact; post-integration prose supports this citation.	none
CIT-0028	sections/literature_review.tex	31	Researcher Degrees of Freedom and Specification Surfaces	citep	andrews2019identification	andrews2019identification,elliott2022detecting	Several literatures study related manifestations of this problem. Publication bias, file-drawer effects, bunching or discontinuities in reported test statistics, and p-curve diagnostics study selection across studies or reported results [CITE:rosenthal1979file,franco2014publication,brodeur2016star,head2015extent,brunsIoannidis2016pcurve,brodeur2020methods,vivalt2019specification,jerke2025publication]; recent econometric work develops corresponding diagnostics and corrections [CITE:andrews2019identification,elliott2022detecting]. Model-uncertainty and specification-search work shows that conclusions can vary sharply across reasonable models [CITE:leamer1983con,salaimartin1997twoMillion,young2009modelUncertainty,youngModelUncertaintyRobustness2017]. Recent computational work on coefficient stability is closer still: [CITE:knaeble2024branch] search for maximum and minimum adjusted slope coefficients over a large discrete model space using branch-and-bound methods. That line treats the finite optimization problem directly; our goal is to characterize the geometry and limiting size of the envelope. Specification-curve, multiverse, and many-analysts designs make this variation visible by replacing a single preferred model with a structured collection of defensible alternatives [CITE:steegenIncreasingTransparencyMultiverse2016,simonsohnSpecificationCurveDescriptive2019,silberzahn2018many,breznau2022hidden,rohrer2026multiverse]. Our question is more local. Conditional on one dataset and one specification surface, how large can the reported coefficient or $t$-statistic become?	normal	sources/andrews2019identification/arxiv-1711.10527-source.tar.gz; sources/andrews2019identification/paper.pdf	Identification of and Correction for Publication Bias	2019	supported	completed six-batch subagent audit	Reviewed against the local source artifact; post-integration prose supports this citation.	none
CIT-0029	sections/literature_review.tex	31	Researcher Degrees of Freedom and Specification Surfaces	citep	elliott2022detecting	andrews2019identification,elliott2022detecting	Several literatures study related manifestations of this problem. Publication bias, file-drawer effects, bunching or discontinuities in reported test statistics, and p-curve diagnostics study selection across studies or reported results [CITE:rosenthal1979file,franco2014publication,brodeur2016star,head2015extent,brunsIoannidis2016pcurve,brodeur2020methods,vivalt2019specification,jerke2025publication]; recent econometric work develops corresponding diagnostics and corrections [CITE:andrews2019identification,elliott2022detecting]. Model-uncertainty and specification-search work shows that conclusions can vary sharply across reasonable models [CITE:leamer1983con,salaimartin1997twoMillion,young2009modelUncertainty,youngModelUncertaintyRobustness2017]. Recent computational work on coefficient stability is closer still: [CITE:knaeble2024branch] search for maximum and minimum adjusted slope coefficients over a large discrete model space using branch-and-bound methods. That line treats the finite optimization problem directly; our goal is to characterize the geometry and limiting size of the envelope. Specification-curve, multiverse, and many-analysts designs make this variation visible by replacing a single preferred model with a structured collection of defensible alternatives [CITE:steegenIncreasingTransparencyMultiverse2016,simonsohnSpecificationCurveDescriptive2019,silberzahn2018many,breznau2022hidden,rohrer2026multiverse]. Our question is more local. Conditional on one dataset and one specification surface, how large can the reported coefficient or $t$-statistic become?	normal	sources/elliott2022detecting/elliott2022detecting__arxiv_1906.06711_source.tar.gz	Detecting $p$-Hacking	2022	supported	completed six-batch subagent audit	Reviewed against the local source artifact; post-integration prose supports this citation.	none
CIT-0030	sections/literature_review.tex	34	Researcher Degrees of Freedom and Specification Surfaces	citep	leamer1983con	leamer1983con,salaimartin1997twoMillion,young2009modelUncertainty,youngModelUncertaintyRobustness2017	Several literatures study related manifestations of this problem. Publication bias, file-drawer effects, bunching or discontinuities in reported test statistics, and p-curve diagnostics study selection across studies or reported results [CITE:rosenthal1979file,franco2014publication,brodeur2016star,head2015extent,brunsIoannidis2016pcurve,brodeur2020methods,vivalt2019specification,jerke2025publication]; recent econometric work develops corresponding diagnostics and corrections [CITE:andrews2019identification,elliott2022detecting]. Model-uncertainty and specification-search work shows that conclusions can vary sharply across reasonable models [CITE:leamer1983con,salaimartin1997twoMillion,young2009modelUncertainty,youngModelUncertaintyRobustness2017]. Recent computational work on coefficient stability is closer still: [CITE:knaeble2024branch] search for maximum and minimum adjusted slope coefficients over a large discrete model space using branch-and-bound methods. That line treats the finite optimization problem directly; our goal is to characterize the geometry and limiting size of the envelope. Specification-curve, multiverse, and many-analysts designs make this variation visible by replacing a single preferred model with a structured collection of defensible alternatives [CITE:steegenIncreasingTransparencyMultiverse2016,simonsohnSpecificationCurveDescriptive2019,silberzahn2018many,breznau2022hidden,rohrer2026multiverse]. Our question is more local. Conditional on one dataset and one specification surface, how large can the reported coefficient or $t$-statistic become?	normal	sources/leamer1983con/paper.pdf	Let's Take the Con Out of Econometrics	1983	supported	completed six-batch subagent audit	Reviewed against the local source artifact; post-integration prose supports this citation.	none
CIT-0031	sections/literature_review.tex	34	Researcher Degrees of Freedom and Specification Surfaces	citep	salaimartin1997twoMillion	leamer1983con,salaimartin1997twoMillion,young2009modelUncertainty,youngModelUncertaintyRobustness2017	Several literatures study related manifestations of this problem. Publication bias, file-drawer effects, bunching or discontinuities in reported test statistics, and p-curve diagnostics study selection across studies or reported results [CITE:rosenthal1979file,franco2014publication,brodeur2016star,head2015extent,brunsIoannidis2016pcurve,brodeur2020methods,vivalt2019specification,jerke2025publication]; recent econometric work develops corresponding diagnostics and corrections [CITE:andrews2019identification,elliott2022detecting]. Model-uncertainty and specification-search work shows that conclusions can vary sharply across reasonable models [CITE:leamer1983con,salaimartin1997twoMillion,young2009modelUncertainty,youngModelUncertaintyRobustness2017]. Recent computational work on coefficient stability is closer still: [CITE:knaeble2024branch] search for maximum and minimum adjusted slope coefficients over a large discrete model space using branch-and-bound methods. That line treats the finite optimization problem directly; our goal is to characterize the geometry and limiting size of the envelope. Specification-curve, multiverse, and many-analysts designs make this variation visible by replacing a single preferred model with a structured collection of defensible alternatives [CITE:steegenIncreasingTransparencyMultiverse2016,simonsohnSpecificationCurveDescriptive2019,silberzahn2018many,breznau2022hidden,rohrer2026multiverse]. Our question is more local. Conditional on one dataset and one specification surface, how large can the reported coefficient or $t$-statistic become?	normal	sources/salaimartin1997twoMillion/paper.pdf	I Just Ran Two Million Regressions	1997	supported	completed six-batch subagent audit	Reviewed against the local source artifact; post-integration prose supports this citation.	none
CIT-0032	sections/literature_review.tex	34	Researcher Degrees of Freedom and Specification Surfaces	citep	young2009modelUncertainty	leamer1983con,salaimartin1997twoMillion,young2009modelUncertainty,youngModelUncertaintyRobustness2017	Several literatures study related manifestations of this problem. Publication bias, file-drawer effects, bunching or discontinuities in reported test statistics, and p-curve diagnostics study selection across studies or reported results [CITE:rosenthal1979file,franco2014publication,brodeur2016star,head2015extent,brunsIoannidis2016pcurve,brodeur2020methods,vivalt2019specification,jerke2025publication]; recent econometric work develops corresponding diagnostics and corrections [CITE:andrews2019identification,elliott2022detecting]. Model-uncertainty and specification-search work shows that conclusions can vary sharply across reasonable models [CITE:leamer1983con,salaimartin1997twoMillion,young2009modelUncertainty,youngModelUncertaintyRobustness2017]. Recent computational work on coefficient stability is closer still: [CITE:knaeble2024branch] search for maximum and minimum adjusted slope coefficients over a large discrete model space using branch-and-bound methods. That line treats the finite optimization problem directly; our goal is to characterize the geometry and limiting size of the envelope. Specification-curve, multiverse, and many-analysts designs make this variation visible by replacing a single preferred model with a structured collection of defensible alternatives [CITE:steegenIncreasingTransparencyMultiverse2016,simonsohnSpecificationCurveDescriptive2019,silberzahn2018many,breznau2022hidden,rohrer2026multiverse]. Our question is more local. Conditional on one dataset and one specification surface, how large can the reported coefficient or $t$-statistic become?	normal	sources/young2009modelUncertainty/paper.pdf	Model Uncertainty in Sociological Research: An Application to Religion and Economic Growth	2009	supported	completed six-batch subagent audit	Reviewed against the local source artifact; post-integration prose supports this citation.	none
CIT-0033	sections/literature_review.tex	34	Researcher Degrees of Freedom and Specification Surfaces	citep	youngModelUncertaintyRobustness2017	leamer1983con,salaimartin1997twoMillion,young2009modelUncertainty,youngModelUncertaintyRobustness2017	Several literatures study related manifestations of this problem. Publication bias, file-drawer effects, bunching or discontinuities in reported test statistics, and p-curve diagnostics study selection across studies or reported results [CITE:rosenthal1979file,franco2014publication,brodeur2016star,head2015extent,brunsIoannidis2016pcurve,brodeur2020methods,vivalt2019specification,jerke2025publication]; recent econometric work develops corresponding diagnostics and corrections [CITE:andrews2019identification,elliott2022detecting]. Model-uncertainty and specification-search work shows that conclusions can vary sharply across reasonable models [CITE:leamer1983con,salaimartin1997twoMillion,young2009modelUncertainty,youngModelUncertaintyRobustness2017]. Recent computational work on coefficient stability is closer still: [CITE:knaeble2024branch] search for maximum and minimum adjusted slope coefficients over a large discrete model space using branch-and-bound methods. That line treats the finite optimization problem directly; our goal is to characterize the geometry and limiting size of the envelope. Specification-curve, multiverse, and many-analysts designs make this variation visible by replacing a single preferred model with a structured collection of defensible alternatives [CITE:steegenIncreasingTransparencyMultiverse2016,simonsohnSpecificationCurveDescriptive2019,silberzahn2018many,breznau2022hidden,rohrer2026multiverse]. Our question is more local. Conditional on one dataset and one specification surface, how large can the reported coefficient or $t$-statistic become?	normal	sources/youngModelUncertaintyRobustness2017/paper.pdf	Model Uncertainty and Robustness: A Computational Framework for Multimodel Analysis	2017	supported	completed six-batch subagent audit	Reviewed against the local source artifact; post-integration prose supports this citation.	none
CIT-0034	sections/literature_review.tex	36	Researcher Degrees of Freedom and Specification Surfaces	citet	knaeble2024branch	knaeble2024branch	Several literatures study related manifestations of this problem. Publication bias, file-drawer effects, bunching or discontinuities in reported test statistics, and p-curve diagnostics study selection across studies or reported results [CITE:rosenthal1979file,franco2014publication,brodeur2016star,head2015extent,brunsIoannidis2016pcurve,brodeur2020methods,vivalt2019specification,jerke2025publication]; recent econometric work develops corresponding diagnostics and corrections [CITE:andrews2019identification,elliott2022detecting]. Model-uncertainty and specification-search work shows that conclusions can vary sharply across reasonable models [CITE:leamer1983con,salaimartin1997twoMillion,young2009modelUncertainty,youngModelUncertaintyRobustness2017]. Recent computational work on coefficient stability is closer still: [CITE:knaeble2024branch] search for maximum and minimum adjusted slope coefficients over a large discrete model space using branch-and-bound methods. That line treats the finite optimization problem directly; our goal is to characterize the geometry and limiting size of the envelope. Specification-curve, multiverse, and many-analysts designs make this variation visible by replacing a single preferred model with a structured collection of defensible alternatives [CITE:steegenIncreasingTransparencyMultiverse2016,simonsohnSpecificationCurveDescriptive2019,silberzahn2018many,breznau2022hidden,rohrer2026multiverse]. Our question is more local. Conditional on one dataset and one specification surface, how large can the reported coefficient or $t$-statistic become?	normal	sources/knaeble2024branch/arxiv-2408.09634-source.tar.gz	Branch and Bound to Assess Stability of Regression Coefficients in Uncertain Models	2024	supported	completed six-batch subagent audit	Reviewed against the local source artifact; post-integration prose supports this citation.	none
CIT-0035	sections/literature_review.tex	43	Researcher Degrees of Freedom and Specification Surfaces	citep	steegenIncreasingTransparencyMultiverse2016	steegenIncreasingTransparencyMultiverse2016,simonsohnSpecificationCurveDescriptive2019,silberzahn2018many,breznau2022hidden,rohrer2026multiverse	Several literatures study related manifestations of this problem. Publication bias, file-drawer effects, bunching or discontinuities in reported test statistics, and p-curve diagnostics study selection across studies or reported results [CITE:rosenthal1979file,franco2014publication,brodeur2016star,head2015extent,brunsIoannidis2016pcurve,brodeur2020methods,vivalt2019specification,jerke2025publication]; recent econometric work develops corresponding diagnostics and corrections [CITE:andrews2019identification,elliott2022detecting]. Model-uncertainty and specification-search work shows that conclusions can vary sharply across reasonable models [CITE:leamer1983con,salaimartin1997twoMillion,young2009modelUncertainty,youngModelUncertaintyRobustness2017]. Recent computational work on coefficient stability is closer still: [CITE:knaeble2024branch] search for maximum and minimum adjusted slope coefficients over a large discrete model space using branch-and-bound methods. That line treats the finite optimization problem directly; our goal is to characterize the geometry and limiting size of the envelope. Specification-curve, multiverse, and many-analysts designs make this variation visible by replacing a single preferred model with a structured collection of defensible alternatives [CITE:steegenIncreasingTransparencyMultiverse2016,simonsohnSpecificationCurveDescriptive2019,silberzahn2018many,breznau2022hidden,rohrer2026multiverse]. Our question is more local. Conditional on one dataset and one specification surface, how large can the reported coefficient or $t$-statistic become?	normal	sources/steegenIncreasingTransparencyMultiverse2016/paper.pdf	Increasing Transparency through a Multiverse Analysis	2016	supported	completed six-batch subagent audit	Reviewed against the local source artifact; post-integration prose supports this citation.	none
CIT-0036	sections/literature_review.tex	43	Researcher Degrees of Freedom and Specification Surfaces	citep	simonsohnSpecificationCurveDescriptive2019	steegenIncreasingTransparencyMultiverse2016,simonsohnSpecificationCurveDescriptive2019,silberzahn2018many,breznau2022hidden,rohrer2026multiverse	Several literatures study related manifestations of this problem. Publication bias, file-drawer effects, bunching or discontinuities in reported test statistics, and p-curve diagnostics study selection across studies or reported results [CITE:rosenthal1979file,franco2014publication,brodeur2016star,head2015extent,brunsIoannidis2016pcurve,brodeur2020methods,vivalt2019specification,jerke2025publication]; recent econometric work develops corresponding diagnostics and corrections [CITE:andrews2019identification,elliott2022detecting]. Model-uncertainty and specification-search work shows that conclusions can vary sharply across reasonable models [CITE:leamer1983con,salaimartin1997twoMillion,young2009modelUncertainty,youngModelUncertaintyRobustness2017]. Recent computational work on coefficient stability is closer still: [CITE:knaeble2024branch] search for maximum and minimum adjusted slope coefficients over a large discrete model space using branch-and-bound methods. That line treats the finite optimization problem directly; our goal is to characterize the geometry and limiting size of the envelope. Specification-curve, multiverse, and many-analysts designs make this variation visible by replacing a single preferred model with a structured collection of defensible alternatives [CITE:steegenIncreasingTransparencyMultiverse2016,simonsohnSpecificationCurveDescriptive2019,silberzahn2018many,breznau2022hidden,rohrer2026multiverse]. Our question is more local. Conditional on one dataset and one specification surface, how large can the reported coefficient or $t$-statistic become?	normal	sources/simonsohnSpecificationCurveDescriptive2019/paper.pdf	Specification Curve Analysis	2020	supported	completed six-batch subagent audit	Reviewed against the local source artifact; post-integration prose supports this citation.	none
CIT-0037	sections/literature_review.tex	43	Researcher Degrees of Freedom and Specification Surfaces	citep	silberzahn2018many	steegenIncreasingTransparencyMultiverse2016,simonsohnSpecificationCurveDescriptive2019,silberzahn2018many,breznau2022hidden,rohrer2026multiverse	Several literatures study related manifestations of this problem. Publication bias, file-drawer effects, bunching or discontinuities in reported test statistics, and p-curve diagnostics study selection across studies or reported results [CITE:rosenthal1979file,franco2014publication,brodeur2016star,head2015extent,brunsIoannidis2016pcurve,brodeur2020methods,vivalt2019specification,jerke2025publication]; recent econometric work develops corresponding diagnostics and corrections [CITE:andrews2019identification,elliott2022detecting]. Model-uncertainty and specification-search work shows that conclusions can vary sharply across reasonable models [CITE:leamer1983con,salaimartin1997twoMillion,young2009modelUncertainty,youngModelUncertaintyRobustness2017]. Recent computational work on coefficient stability is closer still: [CITE:knaeble2024branch] search for maximum and minimum adjusted slope coefficients over a large discrete model space using branch-and-bound methods. That line treats the finite optimization problem directly; our goal is to characterize the geometry and limiting size of the envelope. Specification-curve, multiverse, and many-analysts designs make this variation visible by replacing a single preferred model with a structured collection of defensible alternatives [CITE:steegenIncreasingTransparencyMultiverse2016,simonsohnSpecificationCurveDescriptive2019,silberzahn2018many,breznau2022hidden,rohrer2026multiverse]. Our question is more local. Conditional on one dataset and one specification surface, how large can the reported coefficient or $t$-statistic become?	normal	sources/silberzahn2018many/paper.pdf	Many Analysts, One Data Set: Making Transparent How Variations in Analytic Choices Affect Results	2018	supported	completed six-batch subagent audit	Reviewed against the local source artifact; post-integration prose supports this citation.	none
CIT-0038	sections/literature_review.tex	43	Researcher Degrees of Freedom and Specification Surfaces	citep	breznau2022hidden	steegenIncreasingTransparencyMultiverse2016,simonsohnSpecificationCurveDescriptive2019,silberzahn2018many,breznau2022hidden,rohrer2026multiverse	Several literatures study related manifestations of this problem. Publication bias, file-drawer effects, bunching or discontinuities in reported test statistics, and p-curve diagnostics study selection across studies or reported results [CITE:rosenthal1979file,franco2014publication,brodeur2016star,head2015extent,brunsIoannidis2016pcurve,brodeur2020methods,vivalt2019specification,jerke2025publication]; recent econometric work develops corresponding diagnostics and corrections [CITE:andrews2019identification,elliott2022detecting]. Model-uncertainty and specification-search work shows that conclusions can vary sharply across reasonable models [CITE:leamer1983con,salaimartin1997twoMillion,young2009modelUncertainty,youngModelUncertaintyRobustness2017]. Recent computational work on coefficient stability is closer still: [CITE:knaeble2024branch] search for maximum and minimum adjusted slope coefficients over a large discrete model space using branch-and-bound methods. That line treats the finite optimization problem directly; our goal is to characterize the geometry and limiting size of the envelope. Specification-curve, multiverse, and many-analysts designs make this variation visible by replacing a single preferred model with a structured collection of defensible alternatives [CITE:steegenIncreasingTransparencyMultiverse2016,simonsohnSpecificationCurveDescriptive2019,silberzahn2018many,breznau2022hidden,rohrer2026multiverse]. Our question is more local. Conditional on one dataset and one specification surface, how large can the reported coefficient or $t$-statistic become?	normal	sources/breznau2022hidden/paper.pdf	Observing Many Researchers Using the Same Data and Hypothesis Reveals a Hidden Universe of Uncertainty	2022	supported	completed six-batch subagent audit	Reviewed against the local source artifact; post-integration prose supports this citation.	none
CIT-0039	sections/literature_review.tex	43	Researcher Degrees of Freedom and Specification Surfaces	citep	rohrer2026multiverse	steegenIncreasingTransparencyMultiverse2016,simonsohnSpecificationCurveDescriptive2019,silberzahn2018many,breznau2022hidden,rohrer2026multiverse	Several literatures study related manifestations of this problem. Publication bias, file-drawer effects, bunching or discontinuities in reported test statistics, and p-curve diagnostics study selection across studies or reported results [CITE:rosenthal1979file,franco2014publication,brodeur2016star,head2015extent,brunsIoannidis2016pcurve,brodeur2020methods,vivalt2019specification,jerke2025publication]; recent econometric work develops corresponding diagnostics and corrections [CITE:andrews2019identification,elliott2022detecting]. Model-uncertainty and specification-search work shows that conclusions can vary sharply across reasonable models [CITE:leamer1983con,salaimartin1997twoMillion,young2009modelUncertainty,youngModelUncertaintyRobustness2017]. Recent computational work on coefficient stability is closer still: [CITE:knaeble2024branch] search for maximum and minimum adjusted slope coefficients over a large discrete model space using branch-and-bound methods. That line treats the finite optimization problem directly; our goal is to characterize the geometry and limiting size of the envelope. Specification-curve, multiverse, and many-analysts designs make this variation visible by replacing a single preferred model with a structured collection of defensible alternatives [CITE:steegenIncreasingTransparencyMultiverse2016,simonsohnSpecificationCurveDescriptive2019,silberzahn2018many,breznau2022hidden,rohrer2026multiverse]. Our question is more local. Conditional on one dataset and one specification surface, how large can the reported coefficient or $t$-statistic become?	normal	sources/rohrer2026multiverse/paper.pdf	What's a Multiverse Good for Anyway?	2026	supported	completed six-batch subagent audit	Reviewed against the local source artifact; post-integration prose supports this citation.	none
CIT-0040	sections/literature_review.tex	49	Researcher Degrees of Freedom and Specification Surfaces	citep	nosek2018preregistration	nosek2018preregistration,olken2015promises,banerjee2020praise,kasy2021forking	Pre-registration and pre-analysis plans address the same concern by restricting the specification surface before the data are analyzed [CITE:nosek2018preregistration,olken2015promises,banerjee2020praise,kasy2021forking]. Empirically, such plans appear most informative when they are sufficiently specific [CITE:brodeurPreregistrationPreanalysisPlans2024]. Theoretically, they are connected to broader models of scientific communication, transparency, p-hacking incentives, and implementable statistical decisions under misaligned researcher and social objectives [CITE:andrews2021model,libgober2022false,mccloskey2022incentive,spiess2018optimal,kasy2022optimal]. These approaches constrain the surface. They do not characterize the geometry of the remaining surface, or the extreme values that can be obtained by searching it.	normal	sources/nosek2018preregistration/paper.pdf	The Preregistration Revolution	2018	supported	completed six-batch subagent audit	Reviewed against the local source artifact; post-integration prose supports this citation.	none
CIT-0041	sections/literature_review.tex	49	Researcher Degrees of Freedom and Specification Surfaces	citep	olken2015promises	nosek2018preregistration,olken2015promises,banerjee2020praise,kasy2021forking	Pre-registration and pre-analysis plans address the same concern by restricting the specification surface before the data are analyzed [CITE:nosek2018preregistration,olken2015promises,banerjee2020praise,kasy2021forking]. Empirically, such plans appear most informative when they are sufficiently specific [CITE:brodeurPreregistrationPreanalysisPlans2024]. Theoretically, they are connected to broader models of scientific communication, transparency, p-hacking incentives, and implementable statistical decisions under misaligned researcher and social objectives [CITE:andrews2021model,libgober2022false,mccloskey2022incentive,spiess2018optimal,kasy2022optimal]. These approaches constrain the surface. They do not characterize the geometry of the remaining surface, or the extreme values that can be obtained by searching it.	normal	sources/olken2015promises/paper.pdf	Promises and Perils of Pre-Analysis Plans	2015	supported	completed six-batch subagent audit	Reviewed against the local source artifact; post-integration prose supports this citation.	none
CIT-0042	sections/literature_review.tex	49	Researcher Degrees of Freedom and Specification Surfaces	citep	banerjee2020praise	nosek2018preregistration,olken2015promises,banerjee2020praise,kasy2021forking	Pre-registration and pre-analysis plans address the same concern by restricting the specification surface before the data are analyzed [CITE:nosek2018preregistration,olken2015promises,banerjee2020praise,kasy2021forking]. Empirically, such plans appear most informative when they are sufficiently specific [CITE:brodeurPreregistrationPreanalysisPlans2024]. Theoretically, they are connected to broader models of scientific communication, transparency, p-hacking incentives, and implementable statistical decisions under misaligned researcher and social objectives [CITE:andrews2021model,libgober2022false,mccloskey2022incentive,spiess2018optimal,kasy2022optimal]. These approaches constrain the surface. They do not characterize the geometry of the remaining surface, or the extreme values that can be obtained by searching it.	normal	sources/banerjee2020praise/paper.pdf	In Praise of Moderation: Suggestions for the Scope and Use of Pre-Analysis Plans for RCTs in Economics	2020	supported	completed six-batch subagent audit	Reviewed against the local source artifact; post-integration prose supports this citation.	none
CIT-0043	sections/literature_review.tex	49	Researcher Degrees of Freedom and Specification Surfaces	citep	kasy2021forking	nosek2018preregistration,olken2015promises,banerjee2020praise,kasy2021forking	Pre-registration and pre-analysis plans address the same concern by restricting the specification surface before the data are analyzed [CITE:nosek2018preregistration,olken2015promises,banerjee2020praise,kasy2021forking]. Empirically, such plans appear most informative when they are sufficiently specific [CITE:brodeurPreregistrationPreanalysisPlans2024]. Theoretically, they are connected to broader models of scientific communication, transparency, p-hacking incentives, and implementable statistical decisions under misaligned researcher and social objectives [CITE:andrews2021model,libgober2022false,mccloskey2022incentive,spiess2018optimal,kasy2022optimal]. These approaches constrain the surface. They do not characterize the geometry of the remaining surface, or the extreme values that can be obtained by searching it.	normal	sources/kasy2021forking/paper.pdf	Of Forking Paths and Tied Hands: Selective Publication of Findings, and What Economists Should Do about It	2021	supported	completed six-batch subagent audit	Reviewed against the local source artifact; post-integration prose supports this citation.	none
CIT-0044	sections/literature_review.tex	51	Researcher Degrees of Freedom and Specification Surfaces	citep	brodeurPreregistrationPreanalysisPlans2024	brodeurPreregistrationPreanalysisPlans2024	Pre-registration and pre-analysis plans address the same concern by restricting the specification surface before the data are analyzed [CITE:nosek2018preregistration,olken2015promises,banerjee2020praise,kasy2021forking]. Empirically, such plans appear most informative when they are sufficiently specific [CITE:brodeurPreregistrationPreanalysisPlans2024]. Theoretically, they are connected to broader models of scientific communication, transparency, p-hacking incentives, and implementable statistical decisions under misaligned researcher and social objectives [CITE:andrews2021model,libgober2022false,mccloskey2022incentive,spiess2018optimal,kasy2022optimal]. These approaches constrain the surface. They do not characterize the geometry of the remaining surface, or the extreme values that can be obtained by searching it.	normal	sources/brodeurPreregistrationPreanalysisPlans2024/paper.pdf	Do Preregistration and Preanalysis Plans Reduce P-Hacking and Publication Bias? Evidence from 15,992 Test Statistics and Suggestions for Improvement	2024	supported	completed six-batch subagent audit	Reviewed against the local source artifact; post-integration prose supports this citation.	none
CIT-0045	sections/literature_review.tex	55	Researcher Degrees of Freedom and Specification Surfaces	citep	andrews2021model	andrews2021model,libgober2022false,mccloskey2022incentive,spiess2018optimal,kasy2022optimal	Pre-registration and pre-analysis plans address the same concern by restricting the specification surface before the data are analyzed [CITE:nosek2018preregistration,olken2015promises,banerjee2020praise,kasy2021forking]. Empirically, such plans appear most informative when they are sufficiently specific [CITE:brodeurPreregistrationPreanalysisPlans2024]. Theoretically, they are connected to broader models of scientific communication, transparency, p-hacking incentives, and implementable statistical decisions under misaligned researcher and social objectives [CITE:andrews2021model,libgober2022false,mccloskey2022incentive,spiess2018optimal,kasy2022optimal]. These approaches constrain the surface. They do not characterize the geometry of the remaining surface, or the extreme values that can be obtained by searching it.	normal	sources/andrews2021model/paper.pdf	A model of scientific communication	2021	supported	completed six-batch subagent audit	Reviewed against the local source artifact; post-integration prose supports this citation.	none
CIT-0046	sections/literature_review.tex	55	Researcher Degrees of Freedom and Specification Surfaces	citep	libgober2022false	andrews2021model,libgober2022false,mccloskey2022incentive,spiess2018optimal,kasy2022optimal	Pre-registration and pre-analysis plans address the same concern by restricting the specification surface before the data are analyzed [CITE:nosek2018preregistration,olken2015promises,banerjee2020praise,kasy2021forking]. Empirically, such plans appear most informative when they are sufficiently specific [CITE:brodeurPreregistrationPreanalysisPlans2024]. Theoretically, they are connected to broader models of scientific communication, transparency, p-hacking incentives, and implementable statistical decisions under misaligned researcher and social objectives [CITE:andrews2021model,libgober2022false,mccloskey2022incentive,spiess2018optimal,kasy2022optimal]. These approaches constrain the surface. They do not characterize the geometry of the remaining surface, or the extreme values that can be obtained by searching it.	normal	sources/libgober2022false/paper.pdf	False positives and transparency	2022	supported	completed six-batch subagent audit	Reviewed against the local source artifact; post-integration prose supports this citation.	none
CIT-0047	sections/literature_review.tex	55	Researcher Degrees of Freedom and Specification Surfaces	citep	mccloskey2022incentive	andrews2021model,libgober2022false,mccloskey2022incentive,spiess2018optimal,kasy2022optimal	Pre-registration and pre-analysis plans address the same concern by restricting the specification surface before the data are analyzed [CITE:nosek2018preregistration,olken2015promises,banerjee2020praise,kasy2021forking]. Empirically, such plans appear most informative when they are sufficiently specific [CITE:brodeurPreregistrationPreanalysisPlans2024]. Theoretically, they are connected to broader models of scientific communication, transparency, p-hacking incentives, and implementable statistical decisions under misaligned researcher and social objectives [CITE:andrews2021model,libgober2022false,mccloskey2022incentive,spiess2018optimal,kasy2022optimal]. These approaches constrain the surface. They do not characterize the geometry of the remaining surface, or the extreme values that can be obtained by searching it.	normal	sources/mccloskey2022incentive/arxiv-2005.04141v8-source.tar.gz; sources/mccloskey2022incentive/paper.pdf	Critical Values Robust to P-hacking	2026	supported	completed six-batch subagent audit	Reviewed against the local source artifact; post-integration prose supports this citation.	none
CIT-0048	sections/literature_review.tex	55	Researcher Degrees of Freedom and Specification Surfaces	citep	spiess2018optimal	andrews2021model,libgober2022false,mccloskey2022incentive,spiess2018optimal,kasy2022optimal	Pre-registration and pre-analysis plans address the same concern by restricting the specification surface before the data are analyzed [CITE:nosek2018preregistration,olken2015promises,banerjee2020praise,kasy2021forking]. Empirically, such plans appear most informative when they are sufficiently specific [CITE:brodeurPreregistrationPreanalysisPlans2024]. Theoretically, they are connected to broader models of scientific communication, transparency, p-hacking incentives, and implementable statistical decisions under misaligned researcher and social objectives [CITE:andrews2021model,libgober2022false,mccloskey2022incentive,spiess2018optimal,kasy2022optimal]. These approaches constrain the surface. They do not characterize the geometry of the remaining surface, or the extreme values that can be obtained by searching it.	normal	sources/spiess2018optimal/paper.pdf	Optimal estimation when researcher and social preferences are misaligned	2025	supported	completed six-batch subagent audit	Reviewed against the local source artifact; post-integration prose supports this citation.	none
CIT-0049	sections/literature_review.tex	55	Researcher Degrees of Freedom and Specification Surfaces	citep	kasy2022optimal	andrews2021model,libgober2022false,mccloskey2022incentive,spiess2018optimal,kasy2022optimal	Pre-registration and pre-analysis plans address the same concern by restricting the specification surface before the data are analyzed [CITE:nosek2018preregistration,olken2015promises,banerjee2020praise,kasy2021forking]. Empirically, such plans appear most informative when they are sufficiently specific [CITE:brodeurPreregistrationPreanalysisPlans2024]. Theoretically, they are connected to broader models of scientific communication, transparency, p-hacking incentives, and implementable statistical decisions under misaligned researcher and social objectives [CITE:andrews2021model,libgober2022false,mccloskey2022incentive,spiess2018optimal,kasy2022optimal]. These approaches constrain the surface. They do not characterize the geometry of the remaining surface, or the extreme values that can be obtained by searching it.	normal	sources/kasy2022optimal/arxiv-2208.09638v3-source.tar.gz	Optimal Pre-Analysis Plans: Statistical Decisions Subject to Implementability	2022	supported	completed six-batch subagent audit	Reviewed against the local source artifact; post-integration prose supports this citation.	none
CIT-0050	sections/literature_review.tex	64	Experimental Specification Surfaces	citep	lin2013agnostic	lin2013agnostic	Randomized experiments give an especially clean case. Randomization fixes the treatment direction, and covariate adjustment is not needed for identification; it is really just a precision device [CITE:lin2013agnostic]. More generally, the assignment mechanism, and hence the propensity score, is known by design. In high-dimensional semiparametric problems, this information can change what is statistically possible. This is the lesson of the curse-of-dimensionality appropriate asymptotics of [CITE:robinsRitov1997coda], and it is emphasized for randomized controlled trials by [CITE:aronowRobinsSaarinenSavjeSekhon2021].	normal	sources/lin2013agnostic/arxiv-1208.2301-source.tar.gz; sources/lin2013agnostic/paper.pdf	Agnostic Notes on Regression Adjustments to Experimental Data: Reexamining Freedman's Critique	2013	supported	completed six-batch subagent audit	Reviewed against the local source artifact; post-integration prose supports this citation.	none
CIT-0051	sections/literature_review.tex	68	Experimental Specification Surfaces	citet	robinsRitov1997coda	robinsRitov1997coda	Randomized experiments give an especially clean case. Randomization fixes the treatment direction, and covariate adjustment is not needed for identification; it is really just a precision device [CITE:lin2013agnostic]. More generally, the assignment mechanism, and hence the propensity score, is known by design. In high-dimensional semiparametric problems, this information can change what is statistically possible. This is the lesson of the curse-of-dimensionality appropriate asymptotics of [CITE:robinsRitov1997coda], and it is emphasized for randomized controlled trials by [CITE:aronowRobinsSaarinenSavjeSekhon2021].	normal	sources/robinsRitov1997coda/paper.pdf	Toward a Curse of Dimensionality Appropriate (CODA) Asymptotic Theory for Semi-Parametric Models	1997	supported	completed six-batch subagent audit	Reviewed against the local source artifact; post-integration prose supports this citation.	none
CIT-0052	sections/literature_review.tex	70	Experimental Specification Surfaces	citet	aronowRobinsSaarinenSavjeSekhon2021	aronowRobinsSaarinenSavjeSekhon2021	Randomized experiments give an especially clean case. Randomization fixes the treatment direction, and covariate adjustment is not needed for identification; it is really just a precision device [CITE:lin2013agnostic]. More generally, the assignment mechanism, and hence the propensity score, is known by design. In high-dimensional semiparametric problems, this information can change what is statistically possible. This is the lesson of the curse-of-dimensionality appropriate asymptotics of [CITE:robinsRitov1997coda], and it is emphasized for randomized controlled trials by [CITE:aronowRobinsSaarinenSavjeSekhon2021].	normal	sources/aronowRobinsSaarinenSavjeSekhon2021/paper.pdf	Nonparametric Identification Is Not Enough, but Randomized Controlled Trials Are	2021	supported	completed six-batch subagent audit	Reviewed against the local source artifact; post-integration prose supports this citation.	none
CIT-0053	sections/literature_review.tex	86	Observationally Confounded Specification Surfaces	citep	kingDetectingModelDependence2007	kingDetectingModelDependence2007,lenz2021achieving,sturman2022uncontrolled,yu2024misstatements,cinelliForneyPearl2022crash	Observed confounding changes the surface. In observational work, controls are often part of the identifying argument. Adding, removing, or transforming them can make conclusions model-dependent and can change the estimand, the residual treatment variation, and the apparent strength of evidence [CITE:kingDetectingModelDependence2007,lenz2021achieving,sturman2022uncontrolled,yu2024misstatements,cinelliForneyPearl2022crash]. Thus an observationally confounded specification surface is not merely an experimental surface with a different variance.	normal	sources/kingDetectingModelDependence2007/paper.pdf	Detecting Model Dependence in Statistical Inference: A Response	2007	supported	completed six-batch subagent audit	Reviewed against the local source artifact; post-integration prose supports this citation.	none
CIT-0054	sections/literature_review.tex	86	Observationally Confounded Specification Surfaces	citep	lenz2021achieving	kingDetectingModelDependence2007,lenz2021achieving,sturman2022uncontrolled,yu2024misstatements,cinelliForneyPearl2022crash	Observed confounding changes the surface. In observational work, controls are often part of the identifying argument. Adding, removing, or transforming them can make conclusions model-dependent and can change the estimand, the residual treatment variation, and the apparent strength of evidence [CITE:kingDetectingModelDependence2007,lenz2021achieving,sturman2022uncontrolled,yu2024misstatements,cinelliForneyPearl2022crash]. Thus an observationally confounded specification surface is not merely an experimental surface with a different variance.	normal	sources/lenz2021achieving/paper.pdf	Achieving Statistical Significance with Control Variables and Without Transparency	2021	supported	completed six-batch subagent audit	Reviewed against the local source artifact; post-integration prose supports this citation.	none
CIT-0055	sections/literature_review.tex	86	Observationally Confounded Specification Surfaces	citep	sturman2022uncontrolled	kingDetectingModelDependence2007,lenz2021achieving,sturman2022uncontrolled,yu2024misstatements,cinelliForneyPearl2022crash	Observed confounding changes the surface. In observational work, controls are often part of the identifying argument. Adding, removing, or transforming them can make conclusions model-dependent and can change the estimand, the residual treatment variation, and the apparent strength of evidence [CITE:kingDetectingModelDependence2007,lenz2021achieving,sturman2022uncontrolled,yu2024misstatements,cinelliForneyPearl2022crash]. Thus an observationally confounded specification surface is not merely an experimental surface with a different variance.	normal	sources/sturman2022uncontrolled/paper.pdf	Uncontrolled Control Variables: The Extent That a Researcher's Degrees of Freedom with Control Variables Increases Various Types of Statistical Errors	2022	supported	completed six-batch subagent audit	Reviewed against the local source artifact; post-integration prose supports this citation.	none
CIT-0056	sections/literature_review.tex	86	Observationally Confounded Specification Surfaces	citep	yu2024misstatements	kingDetectingModelDependence2007,lenz2021achieving,sturman2022uncontrolled,yu2024misstatements,cinelliForneyPearl2022crash	Observed confounding changes the surface. In observational work, controls are often part of the identifying argument. Adding, removing, or transforming them can make conclusions model-dependent and can change the estimand, the residual treatment variation, and the apparent strength of evidence [CITE:kingDetectingModelDependence2007,lenz2021achieving,sturman2022uncontrolled,yu2024misstatements,cinelliForneyPearl2022crash]. Thus an observationally confounded specification surface is not merely an experimental surface with a different variance.	normal	sources/yu2024misstatements/paper.pdf	Misstatements, Misperceptions, and Mistakes in Controlling for Covariates in Observational Research	2024	supported	completed six-batch subagent audit	Reviewed against the local source artifact; post-integration prose supports this citation.	none
CIT-0057	sections/literature_review.tex	86	Observationally Confounded Specification Surfaces	citep	cinelliForneyPearl2022crash	kingDetectingModelDependence2007,lenz2021achieving,sturman2022uncontrolled,yu2024misstatements,cinelliForneyPearl2022crash	Observed confounding changes the surface. In observational work, controls are often part of the identifying argument. Adding, removing, or transforming them can make conclusions model-dependent and can change the estimand, the residual treatment variation, and the apparent strength of evidence [CITE:kingDetectingModelDependence2007,lenz2021achieving,sturman2022uncontrolled,yu2024misstatements,cinelliForneyPearl2022crash]. Thus an observationally confounded specification surface is not merely an experimental surface with a different variance.	normal	sources/cinelliForneyPearl2022crash/paper.pdf	A Crash Course in Good and Bad Controls	2022	supported	completed six-batch subagent audit	Reviewed against the local source artifact; post-integration prose supports this citation.	none
CIT-0058	sections/literature_review.tex	93	Observationally Confounded Specification Surfaces	citep	oster2019unobservable	oster2019unobservable,cinelliHazlett2020sensitivity,chernozhukov2022long	The closest conceptual precedents are omitted-variable-bias and sensitivity analysis. These formulas decompose the effect of an omitted covariate into its association with treatment and its association with the outcome [CITE:oster2019unobservable,cinelliHazlett2020sensitivity,chernozhukov2022long]; related work extends the same style of sensitivity analysis to instrumental variables [CITE:cinelliHazlett2025iv]. [CITE:tsao2025minimum], for example, ask how strong an omitted covariate would need to be to overturn an insignificant result. We use the same two associations for a different purpose: the covariates are observed, and the analyst moves across the specification surface by deciding which directions to adjust for or how to represent them. Recent design-phase work similarly treats covariate balance and subsample construction as ways to reduce exposure to misspecification [CITE:choi2025designPhase]. Here the design choice itself is part of the specification surface, and the question is how much movement remains available after the admissible surface has been fixed.	normal	sources/oster2019unobservable/paper.pdf	Unobservable Selection and Coefficient Stability: Theory and Evidence	2019	supported	completed six-batch subagent audit	Reviewed against the local source artifact; post-integration prose supports this citation.	none
CIT-0059	sections/literature_review.tex	93	Observationally Confounded Specification Surfaces	citep	cinelliHazlett2020sensitivity	oster2019unobservable,cinelliHazlett2020sensitivity,chernozhukov2022long	The closest conceptual precedents are omitted-variable-bias and sensitivity analysis. These formulas decompose the effect of an omitted covariate into its association with treatment and its association with the outcome [CITE:oster2019unobservable,cinelliHazlett2020sensitivity,chernozhukov2022long]; related work extends the same style of sensitivity analysis to instrumental variables [CITE:cinelliHazlett2025iv]. [CITE:tsao2025minimum], for example, ask how strong an omitted covariate would need to be to overturn an insignificant result. We use the same two associations for a different purpose: the covariates are observed, and the analyst moves across the specification surface by deciding which directions to adjust for or how to represent them. Recent design-phase work similarly treats covariate balance and subsample construction as ways to reduce exposure to misspecification [CITE:choi2025designPhase]. Here the design choice itself is part of the specification surface, and the question is how much movement remains available after the admissible surface has been fixed.	normal	sources/cinelliHazlett2020sensitivity/paper.pdf	Making Sense of Sensitivity: Extending Omitted Variable Bias	2020	supported	completed six-batch subagent audit	Reviewed against the local source artifact; post-integration prose supports this citation.	none
CIT-0060	sections/literature_review.tex	93	Observationally Confounded Specification Surfaces	citep	chernozhukov2022long	oster2019unobservable,cinelliHazlett2020sensitivity,chernozhukov2022long	The closest conceptual precedents are omitted-variable-bias and sensitivity analysis. These formulas decompose the effect of an omitted covariate into its association with treatment and its association with the outcome [CITE:oster2019unobservable,cinelliHazlett2020sensitivity,chernozhukov2022long]; related work extends the same style of sensitivity analysis to instrumental variables [CITE:cinelliHazlett2025iv]. [CITE:tsao2025minimum], for example, ask how strong an omitted covariate would need to be to overturn an insignificant result. We use the same two associations for a different purpose: the covariates are observed, and the analyst moves across the specification surface by deciding which directions to adjust for or how to represent them. Recent design-phase work similarly treats covariate balance and subsample construction as ways to reduce exposure to misspecification [CITE:choi2025designPhase]. Here the design choice itself is part of the specification surface, and the question is how much movement remains available after the admissible surface has been fixed.	normal	sources/chernozhukov2022long/arxiv-2112.13398-source.tar.gz; sources/chernozhukov2022long/paper.pdf	Long Story Short: Omitted Variable Bias in Causal Machine Learning	2026	supported	completed six-batch subagent audit	Reviewed against the local source artifact; post-integration prose supports this citation.	none
CIT-0061	sections/literature_review.tex	95	Observationally Confounded Specification Surfaces	citep	cinelliHazlett2025iv	cinelliHazlett2025iv	The closest conceptual precedents are omitted-variable-bias and sensitivity analysis. These formulas decompose the effect of an omitted covariate into its association with treatment and its association with the outcome [CITE:oster2019unobservable,cinelliHazlett2020sensitivity,chernozhukov2022long]; related work extends the same style of sensitivity analysis to instrumental variables [CITE:cinelliHazlett2025iv]. [CITE:tsao2025minimum], for example, ask how strong an omitted covariate would need to be to overturn an insignificant result. We use the same two associations for a different purpose: the covariates are observed, and the analyst moves across the specification surface by deciding which directions to adjust for or how to represent them. Recent design-phase work similarly treats covariate balance and subsample construction as ways to reduce exposure to misspecification [CITE:choi2025designPhase]. Here the design choice itself is part of the specification surface, and the question is how much movement remains available after the admissible surface has been fixed.	normal	sources/cinelliHazlett2025iv/paper.pdf	An Omitted Variable Bias Framework for Sensitivity Analysis of Instrumental Variables	2025	supported	completed six-batch subagent audit	Reviewed against the local source artifact; post-integration prose supports this citation.	none
CIT-0062	sections/literature_review.tex	96	Observationally Confounded Specification Surfaces	citet	tsao2025minimum	tsao2025minimum	The closest conceptual precedents are omitted-variable-bias and sensitivity analysis. These formulas decompose the effect of an omitted covariate into its association with treatment and its association with the outcome [CITE:oster2019unobservable,cinelliHazlett2020sensitivity,chernozhukov2022long]; related work extends the same style of sensitivity analysis to instrumental variables [CITE:cinelliHazlett2025iv]. [CITE:tsao2025minimum], for example, ask how strong an omitted covariate would need to be to overturn an insignificant result. We use the same two associations for a different purpose: the covariates are observed, and the analyst moves across the specification surface by deciding which directions to adjust for or how to represent them. Recent design-phase work similarly treats covariate balance and subsample construction as ways to reduce exposure to misspecification [CITE:choi2025designPhase]. Here the design choice itself is part of the specification surface, and the question is how much movement remains available after the admissible surface has been fixed.	normal	sources/tsao2025minimum/arxiv-2408.13901-source.tar.gz; sources/tsao2025minimum/paper.pdf	On the Minimum Strength of (Unobserved) Covariates to Overturn an Insignificant Result	2025	supported	completed six-batch subagent audit	Reviewed against the local source artifact; post-integration prose supports this citation.	none
CIT-0063	sections/literature_review.tex	102	Observationally Confounded Specification Surfaces	citep	choi2025designPhase	choi2025designPhase	The closest conceptual precedents are omitted-variable-bias and sensitivity analysis. These formulas decompose the effect of an omitted covariate into its association with treatment and its association with the outcome [CITE:oster2019unobservable,cinelliHazlett2020sensitivity,chernozhukov2022long]; related work extends the same style of sensitivity analysis to instrumental variables [CITE:cinelliHazlett2025iv]. [CITE:tsao2025minimum], for example, ask how strong an omitted covariate would need to be to overturn an insignificant result. We use the same two associations for a different purpose: the covariates are observed, and the analyst moves across the specification surface by deciding which directions to adjust for or how to represent them. Recent design-phase work similarly treats covariate balance and subsample construction as ways to reduce exposure to misspecification [CITE:choi2025designPhase]. Here the design choice itself is part of the specification surface, and the question is how much movement remains available after the admissible surface has been fixed.	normal	sources/choi2025designPhase/arxiv-2509.01861-source.tar.gz	On the Role of the Design Phase in a Linear Regression	2025	supported	completed six-batch subagent audit	Reviewed against the local source artifact; post-integration prose supports this citation.	none
CIT-0064	sections/literature_review.tex	111	Post-Selection and High-Dimensional Inference	citep	cox1975dataSplitting	cox1975dataSplitting,berk2013valid,fithian2014optimal,lee2016exact,kuchibhotla2018assumptionLean,kuchibhotlaKolassaKuffner2022postSelection,tianTaylor2018selective	Post-selection inference constructs valid tests or confidence sets after a specified selection procedure, using tools such as data splitting and selective conditioning [CITE:cox1975dataSplitting,berk2013valid,fithian2014optimal,lee2016exact,kuchibhotla2018assumptionLean,kuchibhotlaKolassaKuffner2022postSelection,tianTaylor2018selective]. [CITE:berk2013valid] is particularly close in spirit because their post-selection-inference constant controls a maximum over all submodels, uniformly over selection rules. The object differs from ours: that framework targets finite-sample validity for studentized statistics after coordinate-submodel selection, while we study the coefficient envelope over a specification surface and its drift, variance, and outcome-energy decomposition.	normal	sources/cox1975dataSplitting/paper.pdf	A Note on Data-Splitting for the Evaluation of Significance Levels	1975	supported	completed six-batch subagent audit	Reviewed against the local source artifact; post-integration prose supports this citation.	none
CIT-0065	sections/literature_review.tex	111	Post-Selection and High-Dimensional Inference	citep	berk2013valid	cox1975dataSplitting,berk2013valid,fithian2014optimal,lee2016exact,kuchibhotla2018assumptionLean,kuchibhotlaKolassaKuffner2022postSelection,tianTaylor2018selective	Post-selection inference constructs valid tests or confidence sets after a specified selection procedure, using tools such as data splitting and selective conditioning [CITE:cox1975dataSplitting,berk2013valid,fithian2014optimal,lee2016exact,kuchibhotla2018assumptionLean,kuchibhotlaKolassaKuffner2022postSelection,tianTaylor2018selective]. [CITE:berk2013valid] is particularly close in spirit because their post-selection-inference constant controls a maximum over all submodels, uniformly over selection rules. The object differs from ours: that framework targets finite-sample validity for studentized statistics after coordinate-submodel selection, while we study the coefficient envelope over a specification surface and its drift, variance, and outcome-energy decomposition.	normal	sources/berk2013valid/arxiv-1306.1059-source.tar.gz	Valid Post-Selection Inference	2013	supported	completed six-batch subagent audit	Reviewed against the local source artifact; post-integration prose supports this citation.	none
CIT-0066	sections/literature_review.tex	111	Post-Selection and High-Dimensional Inference	citep	fithian2014optimal	cox1975dataSplitting,berk2013valid,fithian2014optimal,lee2016exact,kuchibhotla2018assumptionLean,kuchibhotlaKolassaKuffner2022postSelection,tianTaylor2018selective	Post-selection inference constructs valid tests or confidence sets after a specified selection procedure, using tools such as data splitting and selective conditioning [CITE:cox1975dataSplitting,berk2013valid,fithian2014optimal,lee2016exact,kuchibhotla2018assumptionLean,kuchibhotlaKolassaKuffner2022postSelection,tianTaylor2018selective]. [CITE:berk2013valid] is particularly close in spirit because their post-selection-inference constant controls a maximum over all submodels, uniformly over selection rules. The object differs from ours: that framework targets finite-sample validity for studentized statistics after coordinate-submodel selection, while we study the coefficient envelope over a specification surface and its drift, variance, and outcome-energy decomposition.	normal	sources/fithian2014optimal/arxiv-1410.2597-source.tar.gz	Optimal Inference After Model Selection	2014	supported	completed six-batch subagent audit	Reviewed against the local source artifact; post-integration prose supports this citation.	none
CIT-0067	sections/literature_review.tex	111	Post-Selection and High-Dimensional Inference	citep	lee2016exact	cox1975dataSplitting,berk2013valid,fithian2014optimal,lee2016exact,kuchibhotla2018assumptionLean,kuchibhotlaKolassaKuffner2022postSelection,tianTaylor2018selective	Post-selection inference constructs valid tests or confidence sets after a specified selection procedure, using tools such as data splitting and selective conditioning [CITE:cox1975dataSplitting,berk2013valid,fithian2014optimal,lee2016exact,kuchibhotla2018assumptionLean,kuchibhotlaKolassaKuffner2022postSelection,tianTaylor2018selective]. [CITE:berk2013valid] is particularly close in spirit because their post-selection-inference constant controls a maximum over all submodels, uniformly over selection rules. The object differs from ours: that framework targets finite-sample validity for studentized statistics after coordinate-submodel selection, while we study the coefficient envelope over a specification surface and its drift, variance, and outcome-energy decomposition.	normal	sources/lee2016exact/arxiv-1311.6238-source.tar.gz	Exact Post-Selection Inference, with Application to the Lasso	2016	supported	completed six-batch subagent audit	Reviewed against the local source artifact; post-integration prose supports this citation.	none
CIT-0068	sections/literature_review.tex	111	Post-Selection and High-Dimensional Inference	citep	kuchibhotla2018assumptionLean	cox1975dataSplitting,berk2013valid,fithian2014optimal,lee2016exact,kuchibhotla2018assumptionLean,kuchibhotlaKolassaKuffner2022postSelection,tianTaylor2018selective	Post-selection inference constructs valid tests or confidence sets after a specified selection procedure, using tools such as data splitting and selective conditioning [CITE:cox1975dataSplitting,berk2013valid,fithian2014optimal,lee2016exact,kuchibhotla2018assumptionLean,kuchibhotlaKolassaKuffner2022postSelection,tianTaylor2018selective]. [CITE:berk2013valid] is particularly close in spirit because their post-selection-inference constant controls a maximum over all submodels, uniformly over selection rules. The object differs from ours: that framework targets finite-sample validity for studentized statistics after coordinate-submodel selection, while we study the coefficient envelope over a specification surface and its drift, variance, and outcome-energy decomposition.	normal	sources/kuchibhotla2018assumptionLean/arxiv-1806.04119-source.tar.gz	Valid Post-Selection Inference in Model-Free Linear Regression	2020	supported	completed six-batch subagent audit	Reviewed against the local source artifact; post-integration prose supports this citation.	none
CIT-0069	sections/literature_review.tex	111	Post-Selection and High-Dimensional Inference	citep	kuchibhotlaKolassaKuffner2022postSelection	cox1975dataSplitting,berk2013valid,fithian2014optimal,lee2016exact,kuchibhotla2018assumptionLean,kuchibhotlaKolassaKuffner2022postSelection,tianTaylor2018selective	Post-selection inference constructs valid tests or confidence sets after a specified selection procedure, using tools such as data splitting and selective conditioning [CITE:cox1975dataSplitting,berk2013valid,fithian2014optimal,lee2016exact,kuchibhotla2018assumptionLean,kuchibhotlaKolassaKuffner2022postSelection,tianTaylor2018selective]. [CITE:berk2013valid] is particularly close in spirit because their post-selection-inference constant controls a maximum over all submodels, uniformly over selection rules. The object differs from ours: that framework targets finite-sample validity for studentized statistics after coordinate-submodel selection, while we study the coefficient envelope over a specification surface and its drift, variance, and outcome-energy decomposition.	normal	sources/kuchibhotlaKolassaKuffner2022postSelection/paper.pdf	Post-Selection Inference	2022	supported	completed six-batch subagent audit	Reviewed against the local source artifact; post-integration prose supports this citation.	none
CIT-0070	sections/literature_review.tex	111	Post-Selection and High-Dimensional Inference	citep	tianTaylor2018selective	cox1975dataSplitting,berk2013valid,fithian2014optimal,lee2016exact,kuchibhotla2018assumptionLean,kuchibhotlaKolassaKuffner2022postSelection,tianTaylor2018selective	Post-selection inference constructs valid tests or confidence sets after a specified selection procedure, using tools such as data splitting and selective conditioning [CITE:cox1975dataSplitting,berk2013valid,fithian2014optimal,lee2016exact,kuchibhotla2018assumptionLean,kuchibhotlaKolassaKuffner2022postSelection,tianTaylor2018selective]. [CITE:berk2013valid] is particularly close in spirit because their post-selection-inference constant controls a maximum over all submodels, uniformly over selection rules. The object differs from ours: that framework targets finite-sample validity for studentized statistics after coordinate-submodel selection, while we study the coefficient envelope over a specification surface and its drift, variance, and outcome-energy decomposition.	normal	sources/tianTaylor2018selective/arxiv-1507.06739-source.tar.gz	Selective Inference with a Randomized Response	2018	supported	completed six-batch subagent audit	Reviewed against the local source artifact; post-integration prose supports this citation.	none
CIT-0071	sections/literature_review.tex	112	Post-Selection and High-Dimensional Inference	citet	berk2013valid	berk2013valid	Post-selection inference constructs valid tests or confidence sets after a specified selection procedure, using tools such as data splitting and selective conditioning [CITE:cox1975dataSplitting,berk2013valid,fithian2014optimal,lee2016exact,kuchibhotla2018assumptionLean,kuchibhotlaKolassaKuffner2022postSelection,tianTaylor2018selective]. [CITE:berk2013valid] is particularly close in spirit because their post-selection-inference constant controls a maximum over all submodels, uniformly over selection rules. The object differs from ours: that framework targets finite-sample validity for studentized statistics after coordinate-submodel selection, while we study the coefficient envelope over a specification surface and its drift, variance, and outcome-energy decomposition.	normal	sources/berk2013valid/arxiv-1306.1059-source.tar.gz	Valid Post-Selection Inference	2013	supported	completed six-batch subagent audit	Reviewed against the local source artifact; post-integration prose supports this citation.	none
CIT-0072	sections/literature_review.tex	123	Post-Selection and High-Dimensional Inference	citep	el2013robust	el2013robust,sur2019likelihood,hastie2022surprises	High-dimensional regression and proportional-asymptotic random-matrix theory develop related methods when models or nuisance components are estimated from many covariates [CITE:el2013robust,sur2019likelihood,hastie2022surprises]. Those results give the calculus for regimes with $p/n$ non-negligible, but their standard targets are fixed procedures, likelihood ratios, or prediction risk rather than a search-maximized reported coefficient. In the low-dimensional sparse case, our rates also draw on the restricted-isometry and restricted-eigenvalue geometry used in compressed sensing and sparse regression [CITE:candesTao2005decoding,baraniuk2008simple,bickelRitovTsybakov2009,vandegeerBuhlmann2009conditions,raskuttiWainwrightYu2010restricted]. Our use is reversed: the same geometry that enables sparse recovery also controls how much an adversarial specification search can extract.	normal	sources/el2013robust/paper.pdf	On robust regression with high-dimensional predictors	2013	supported	completed six-batch subagent audit	Reviewed against the local source artifact; post-integration prose supports this citation.	none
CIT-0073	sections/literature_review.tex	123	Post-Selection and High-Dimensional Inference	citep	sur2019likelihood	el2013robust,sur2019likelihood,hastie2022surprises	High-dimensional regression and proportional-asymptotic random-matrix theory develop related methods when models or nuisance components are estimated from many covariates [CITE:el2013robust,sur2019likelihood,hastie2022surprises]. Those results give the calculus for regimes with $p/n$ non-negligible, but their standard targets are fixed procedures, likelihood ratios, or prediction risk rather than a search-maximized reported coefficient. In the low-dimensional sparse case, our rates also draw on the restricted-isometry and restricted-eigenvalue geometry used in compressed sensing and sparse regression [CITE:candesTao2005decoding,baraniuk2008simple,bickelRitovTsybakov2009,vandegeerBuhlmann2009conditions,raskuttiWainwrightYu2010restricted]. Our use is reversed: the same geometry that enables sparse recovery also controls how much an adversarial specification search can extract.	normal	sources/sur2019likelihood/arxiv-1706.01191-source.tar.gz; sources/sur2019likelihood/paper.pdf	The likelihood ratio test in high-dimensional logistic regression is asymptotically a rescaled chi-square	2019	supported	completed six-batch subagent audit	Reviewed against the local source artifact; post-integration prose supports this citation.	none
CIT-0074	sections/literature_review.tex	123	Post-Selection and High-Dimensional Inference	citep	hastie2022surprises	el2013robust,sur2019likelihood,hastie2022surprises	High-dimensional regression and proportional-asymptotic random-matrix theory develop related methods when models or nuisance components are estimated from many covariates [CITE:el2013robust,sur2019likelihood,hastie2022surprises]. Those results give the calculus for regimes with $p/n$ non-negligible, but their standard targets are fixed procedures, likelihood ratios, or prediction risk rather than a search-maximized reported coefficient. In the low-dimensional sparse case, our rates also draw on the restricted-isometry and restricted-eigenvalue geometry used in compressed sensing and sparse regression [CITE:candesTao2005decoding,baraniuk2008simple,bickelRitovTsybakov2009,vandegeerBuhlmann2009conditions,raskuttiWainwrightYu2010restricted]. Our use is reversed: the same geometry that enables sparse recovery also controls how much an adversarial specification search can extract.	normal	sources/hastie2022surprises/arxiv-1903.08560-source.tar.gz	Surprises in High-Dimensional Ridgeless Least Squares Interpolation	2022	supported	completed six-batch subagent audit	Reviewed against the local source artifact; post-integration prose supports this citation.	none
CIT-0075	sections/literature_review.tex	129	Post-Selection and High-Dimensional Inference	citep	candesTao2005decoding	candesTao2005decoding,baraniuk2008simple,bickelRitovTsybakov2009,vandegeerBuhlmann2009conditions,raskuttiWainwrightYu2010restricted	High-dimensional regression and proportional-asymptotic random-matrix theory develop related methods when models or nuisance components are estimated from many covariates [CITE:el2013robust,sur2019likelihood,hastie2022surprises]. Those results give the calculus for regimes with $p/n$ non-negligible, but their standard targets are fixed procedures, likelihood ratios, or prediction risk rather than a search-maximized reported coefficient. In the low-dimensional sparse case, our rates also draw on the restricted-isometry and restricted-eigenvalue geometry used in compressed sensing and sparse regression [CITE:candesTao2005decoding,baraniuk2008simple,bickelRitovTsybakov2009,vandegeerBuhlmann2009conditions,raskuttiWainwrightYu2010restricted]. Our use is reversed: the same geometry that enables sparse recovery also controls how much an adversarial specification search can extract.	normal	sources/candesTao2005decoding/arxiv-math-0502327-source.tar.gz	Decoding by Linear Programming	2005	supported	completed six-batch subagent audit	Reviewed against the local source artifact; post-integration prose supports this citation.	none
CIT-0076	sections/literature_review.tex	129	Post-Selection and High-Dimensional Inference	citep	baraniuk2008simple	candesTao2005decoding,baraniuk2008simple,bickelRitovTsybakov2009,vandegeerBuhlmann2009conditions,raskuttiWainwrightYu2010restricted	High-dimensional regression and proportional-asymptotic random-matrix theory develop related methods when models or nuisance components are estimated from many covariates [CITE:el2013robust,sur2019likelihood,hastie2022surprises]. Those results give the calculus for regimes with $p/n$ non-negligible, but their standard targets are fixed procedures, likelihood ratios, or prediction risk rather than a search-maximized reported coefficient. In the low-dimensional sparse case, our rates also draw on the restricted-isometry and restricted-eigenvalue geometry used in compressed sensing and sparse regression [CITE:candesTao2005decoding,baraniuk2008simple,bickelRitovTsybakov2009,vandegeerBuhlmann2009conditions,raskuttiWainwrightYu2010restricted]. Our use is reversed: the same geometry that enables sparse recovery also controls how much an adversarial specification search can extract.	normal	sources/baraniuk2008simple/paper.pdf	A Simple Proof of the Restricted Isometry Property for Random Matrices	2008	supported	completed six-batch subagent audit	Reviewed against the local source artifact; post-integration prose supports this citation.	none
CIT-0077	sections/literature_review.tex	129	Post-Selection and High-Dimensional Inference	citep	bickelRitovTsybakov2009	candesTao2005decoding,baraniuk2008simple,bickelRitovTsybakov2009,vandegeerBuhlmann2009conditions,raskuttiWainwrightYu2010restricted	High-dimensional regression and proportional-asymptotic random-matrix theory develop related methods when models or nuisance components are estimated from many covariates [CITE:el2013robust,sur2019likelihood,hastie2022surprises]. Those results give the calculus for regimes with $p/n$ non-negligible, but their standard targets are fixed procedures, likelihood ratios, or prediction risk rather than a search-maximized reported coefficient. In the low-dimensional sparse case, our rates also draw on the restricted-isometry and restricted-eigenvalue geometry used in compressed sensing and sparse regression [CITE:candesTao2005decoding,baraniuk2008simple,bickelRitovTsybakov2009,vandegeerBuhlmann2009conditions,raskuttiWainwrightYu2010restricted]. Our use is reversed: the same geometry that enables sparse recovery also controls how much an adversarial specification search can extract.	normal	sources/bickelRitovTsybakov2009/arxiv-0801.1095-source.tar.gz	Simultaneous Analysis of Lasso and Dantzig Selector	2009	supported	completed six-batch subagent audit	Reviewed against the local source artifact; post-integration prose supports this citation.	none
CIT-0078	sections/literature_review.tex	129	Post-Selection and High-Dimensional Inference	citep	vandegeerBuhlmann2009conditions	candesTao2005decoding,baraniuk2008simple,bickelRitovTsybakov2009,vandegeerBuhlmann2009conditions,raskuttiWainwrightYu2010restricted	High-dimensional regression and proportional-asymptotic random-matrix theory develop related methods when models or nuisance components are estimated from many covariates [CITE:el2013robust,sur2019likelihood,hastie2022surprises]. Those results give the calculus for regimes with $p/n$ non-negligible, but their standard targets are fixed procedures, likelihood ratios, or prediction risk rather than a search-maximized reported coefficient. In the low-dimensional sparse case, our rates also draw on the restricted-isometry and restricted-eigenvalue geometry used in compressed sensing and sparse regression [CITE:candesTao2005decoding,baraniuk2008simple,bickelRitovTsybakov2009,vandegeerBuhlmann2009conditions,raskuttiWainwrightYu2010restricted]. Our use is reversed: the same geometry that enables sparse recovery also controls how much an adversarial specification search can extract.	normal	sources/vandegeerBuhlmann2009conditions/arxiv-0910.0722-source.tar.gz	On the Conditions Used to Prove Oracle Results for the Lasso	2009	supported	completed six-batch subagent audit	Reviewed against the local source artifact; post-integration prose supports this citation.	none
CIT-0079	sections/literature_review.tex	129	Post-Selection and High-Dimensional Inference	citep	raskuttiWainwrightYu2010restricted	candesTao2005decoding,baraniuk2008simple,bickelRitovTsybakov2009,vandegeerBuhlmann2009conditions,raskuttiWainwrightYu2010restricted	High-dimensional regression and proportional-asymptotic random-matrix theory develop related methods when models or nuisance components are estimated from many covariates [CITE:el2013robust,sur2019likelihood,hastie2022surprises]. Those results give the calculus for regimes with $p/n$ non-negligible, but their standard targets are fixed procedures, likelihood ratios, or prediction risk rather than a search-maximized reported coefficient. In the low-dimensional sparse case, our rates also draw on the restricted-isometry and restricted-eigenvalue geometry used in compressed sensing and sparse regression [CITE:candesTao2005decoding,baraniuk2008simple,bickelRitovTsybakov2009,vandegeerBuhlmann2009conditions,raskuttiWainwrightYu2010restricted]. Our use is reversed: the same geometry that enables sparse recovery also controls how much an adversarial specification search can extract.	normal	sources/raskuttiWainwrightYu2010restricted/paper.pdf	Restricted Eigenvalue Properties for Correlated Gaussian Designs	2010	supported	completed six-batch subagent audit	Reviewed against the local source artifact; post-integration prose supports this citation.	none
CIT-0080	sections/experimental_case.tex	208	Coefficient Search in the Experimental Case	citet	candesTao2005decoding	candesTao2005decoding	Condition (E1) places the analysis in a familiar geometry: it is a covariance-normalized restricted isometry property. When $C=I$ it says exactly that every $n 2s$ submatrix of $X_-0/ n$ is a near-isometry --- the restricted isometry property of [CITE:candesTao2005decoding] --- which holds with high probability for independent subgaussian designs once $n s(ep/s)$ [CITE:baraniuk2008simple]. For general $C$ it plays the role of the restricted-eigenvalue conditions of lasso theory [CITE:bickelRitovTsybakov2009,vandegeerBuhlmann2009conditions]: it does not require sparse Gram matrices to be well conditioned in absolute terms --- that role is carried by the explicit factor $_s(C)$ in $r_n,s^$ --- only that they concentrate around their population counterparts, which holds for correlated Gaussian designs in the same sample-size regime [CITE:raskuttiWainwrightYu2010restricted]. The connection is more than an analogy, and it runs in the opposite direction from its usual use. In sparse recovery, restricted isometry guarantees that a sparsity-seeking  succeeds: no sparse direction of the design is degenerate, so the data cannot hide a sparse signal. Here the same geometry bounds what a sparsity-constrained  can extract: because no sparse direction is degenerate, no choice of $s$ controls can manufacture an effect beyond the subgaussian fluctuation scale $r_n,s^$. The sample-size threshold is shared as well: $n sL_s,p$, the regime in which sparse recovery first becomes possible, is exactly the regime in which (E1) holds and the envelope is valid, and $n sL_s,p$ is the critical scale at which the search problem changes character.	normal	sources/candesTao2005decoding/arxiv-math-0502327-source.tar.gz	Decoding by Linear Programming	2005	supported	completed six-batch subagent audit	Reviewed against the local source artifact; post-integration prose supports this citation.	none
CIT-0081	sections/experimental_case.tex	211	Coefficient Search in the Experimental Case	citep	baraniuk2008simple	baraniuk2008simple	Condition (E1) places the analysis in a familiar geometry: it is a covariance-normalized restricted isometry property. When $C=I$ it says exactly that every $n 2s$ submatrix of $X_-0/ n$ is a near-isometry --- the restricted isometry property of [CITE:candesTao2005decoding] --- which holds with high probability for independent subgaussian designs once $n s(ep/s)$ [CITE:baraniuk2008simple]. For general $C$ it plays the role of the restricted-eigenvalue conditions of lasso theory [CITE:bickelRitovTsybakov2009,vandegeerBuhlmann2009conditions]: it does not require sparse Gram matrices to be well conditioned in absolute terms --- that role is carried by the explicit factor $_s(C)$ in $r_n,s^$ --- only that they concentrate around their population counterparts, which holds for correlated Gaussian designs in the same sample-size regime [CITE:raskuttiWainwrightYu2010restricted]. The connection is more than an analogy, and it runs in the opposite direction from its usual use. In sparse recovery, restricted isometry guarantees that a sparsity-seeking  succeeds: no sparse direction of the design is degenerate, so the data cannot hide a sparse signal. Here the same geometry bounds what a sparsity-constrained  can extract: because no sparse direction is degenerate, no choice of $s$ controls can manufacture an effect beyond the subgaussian fluctuation scale $r_n,s^$. The sample-size threshold is shared as well: $n sL_s,p$, the regime in which sparse recovery first becomes possible, is exactly the regime in which (E1) holds and the envelope is valid, and $n sL_s,p$ is the critical scale at which the search problem changes character.	normal	sources/baraniuk2008simple/paper.pdf	A Simple Proof of the Restricted Isometry Property for Random Matrices	2008	supported	completed six-batch subagent audit	Reviewed against the local source artifact; post-integration prose supports this citation.	none
CIT-0082	sections/experimental_case.tex	213	Coefficient Search in the Experimental Case	citep	bickelRitovTsybakov2009	bickelRitovTsybakov2009,vandegeerBuhlmann2009conditions	Condition (E1) places the analysis in a familiar geometry: it is a covariance-normalized restricted isometry property. When $C=I$ it says exactly that every $n 2s$ submatrix of $X_-0/ n$ is a near-isometry --- the restricted isometry property of [CITE:candesTao2005decoding] --- which holds with high probability for independent subgaussian designs once $n s(ep/s)$ [CITE:baraniuk2008simple]. For general $C$ it plays the role of the restricted-eigenvalue conditions of lasso theory [CITE:bickelRitovTsybakov2009,vandegeerBuhlmann2009conditions]: it does not require sparse Gram matrices to be well conditioned in absolute terms --- that role is carried by the explicit factor $_s(C)$ in $r_n,s^$ --- only that they concentrate around their population counterparts, which holds for correlated Gaussian designs in the same sample-size regime [CITE:raskuttiWainwrightYu2010restricted]. The connection is more than an analogy, and it runs in the opposite direction from its usual use. In sparse recovery, restricted isometry guarantees that a sparsity-seeking  succeeds: no sparse direction of the design is degenerate, so the data cannot hide a sparse signal. Here the same geometry bounds what a sparsity-constrained  can extract: because no sparse direction is degenerate, no choice of $s$ controls can manufacture an effect beyond the subgaussian fluctuation scale $r_n,s^$. The sample-size threshold is shared as well: $n sL_s,p$, the regime in which sparse recovery first becomes possible, is exactly the regime in which (E1) holds and the envelope is valid, and $n sL_s,p$ is the critical scale at which the search problem changes character.	normal	sources/bickelRitovTsybakov2009/arxiv-0801.1095-source.tar.gz	Simultaneous Analysis of Lasso and Dantzig Selector	2009	supported	completed six-batch subagent audit	Reviewed against the local source artifact; post-integration prose supports this citation.	none
CIT-0083	sections/experimental_case.tex	213	Coefficient Search in the Experimental Case	citep	vandegeerBuhlmann2009conditions	bickelRitovTsybakov2009,vandegeerBuhlmann2009conditions	Condition (E1) places the analysis in a familiar geometry: it is a covariance-normalized restricted isometry property. When $C=I$ it says exactly that every $n 2s$ submatrix of $X_-0/ n$ is a near-isometry --- the restricted isometry property of [CITE:candesTao2005decoding] --- which holds with high probability for independent subgaussian designs once $n s(ep/s)$ [CITE:baraniuk2008simple]. For general $C$ it plays the role of the restricted-eigenvalue conditions of lasso theory [CITE:bickelRitovTsybakov2009,vandegeerBuhlmann2009conditions]: it does not require sparse Gram matrices to be well conditioned in absolute terms --- that role is carried by the explicit factor $_s(C)$ in $r_n,s^$ --- only that they concentrate around their population counterparts, which holds for correlated Gaussian designs in the same sample-size regime [CITE:raskuttiWainwrightYu2010restricted]. The connection is more than an analogy, and it runs in the opposite direction from its usual use. In sparse recovery, restricted isometry guarantees that a sparsity-seeking  succeeds: no sparse direction of the design is degenerate, so the data cannot hide a sparse signal. Here the same geometry bounds what a sparsity-constrained  can extract: because no sparse direction is degenerate, no choice of $s$ controls can manufacture an effect beyond the subgaussian fluctuation scale $r_n,s^$. The sample-size threshold is shared as well: $n sL_s,p$, the regime in which sparse recovery first becomes possible, is exactly the regime in which (E1) holds and the envelope is valid, and $n sL_s,p$ is the critical scale at which the search problem changes character.	normal	sources/vandegeerBuhlmann2009conditions/arxiv-0910.0722-source.tar.gz	On the Conditions Used to Prove Oracle Results for the Lasso	2009	supported	completed six-batch subagent audit	Reviewed against the local source artifact; post-integration prose supports this citation.	none
CIT-0084	sections/experimental_case.tex	218	Coefficient Search in the Experimental Case	citep	raskuttiWainwrightYu2010restricted	raskuttiWainwrightYu2010restricted	Condition (E1) places the analysis in a familiar geometry: it is a covariance-normalized restricted isometry property. When $C=I$ it says exactly that every $n 2s$ submatrix of $X_-0/ n$ is a near-isometry --- the restricted isometry property of [CITE:candesTao2005decoding] --- which holds with high probability for independent subgaussian designs once $n s(ep/s)$ [CITE:baraniuk2008simple]. For general $C$ it plays the role of the restricted-eigenvalue conditions of lasso theory [CITE:bickelRitovTsybakov2009,vandegeerBuhlmann2009conditions]: it does not require sparse Gram matrices to be well conditioned in absolute terms --- that role is carried by the explicit factor $_s(C)$ in $r_n,s^$ --- only that they concentrate around their population counterparts, which holds for correlated Gaussian designs in the same sample-size regime [CITE:raskuttiWainwrightYu2010restricted]. The connection is more than an analogy, and it runs in the opposite direction from its usual use. In sparse recovery, restricted isometry guarantees that a sparsity-seeking  succeeds: no sparse direction of the design is degenerate, so the data cannot hide a sparse signal. Here the same geometry bounds what a sparsity-constrained  can extract: because no sparse direction is degenerate, no choice of $s$ controls can manufacture an effect beyond the subgaussian fluctuation scale $r_n,s^$. The sample-size threshold is shared as well: $n sL_s,p$, the regime in which sparse recovery first becomes possible, is exactly the regime in which (E1) holds and the envelope is valid, and $n sL_s,p$ is the critical scale at which the search problem changes character.	normal	sources/raskuttiWainwrightYu2010restricted/paper.pdf	Restricted Eigenvalue Properties for Correlated Gaussian Designs	2010	supported	completed six-batch subagent audit	Reviewed against the local source artifact; post-integration prose supports this citation.	none
